"County","Election District","Election Precinct","Candidate Name","Party","Office Name","Office District","Winner","Write-In?","Election Night Votes","Election Night Votes Against"
"12","001","000","Barack Obama","DEM","President - Vice Pres","","Y","","170",""
"12","001","000","Mitt Romney","REP","President - Vice Pres","","","","544",""
"12","001","000","Gary Johnson","LIB","President - Vice Pres","","","","8",""
"12","001","000","Jill Stein","GRN","President - Vice Pres","","","","3",""
"12","001","000","Tiffany Renee Briscoe","DEM","President - Vice Pres","","","Y","0",""
"12","001","000","Dennis Knill","DEM","President - Vice Pres","","","Y","0",""
"12","001","000","Matthew Lydick","REP","President - Vice Pres","","","Y","0",""
"12","001","000","Barbara A. Prokopich","REP","President - Vice Pres","","","Y","0",""
"12","001","000","Santa Claus","IND","President - Vice Pres","","","Y","1",""
"12","001","000","Richard Duncan","IND","President - Vice Pres","","","Y","0",""
"12","001","000","Bruce Mlynski","IND","President - Vice Pres","","","Y","0",""
"12","001","000","Kevin M. Thorne","IND","President - Vice Pres","","","Y","0",""
"12","001","000","James Clymer","CON","President - Vice Pres","","","Y","0",""
"12","001","000","Virgil Goode","CON","President - Vice Pres","","","Y","0",""
"12","001","000","Ross C. Rocky Anderson","OTH","President - Vice Pres","","","Y","0",""
"12","001","000","Andre Barnett","OTH","President - Vice Pres","","","Y","0",""
"12","001","000","Roseanne Barr","OTH","President - Vice Pres","","","Y","1",""
"12","001","000","Will Christensen","OTH","President - Vice Pres","","","Y","0",""
"12","001","000","Stephen Durham","OTH","President - Vice Pres","","","Y","0",""
"12","001","000","Merlin Miller","OTH","President - Vice Pres","","","Y","0",""
"12","001","000","Leon Leo Ray","OTH","President - Vice Pres","","","Y","0",""
"12","001","000","Michael David Boyles","UNF","President - Vice Pres","","","Y","0",""
"12","001","000","Theodis (Ted) Brown, Sr.","UNF","President - Vice Pres","","","Y","0",""
"12","001","000","Paul Chehade","UNF","President - Vice Pres","","","Y","0",""
"12","001","000","David M. Crosby","UNF","President - Vice Pres","","","Y","0",""
"12","001","000","Fred Donald Dickson, Jr.","UNF","President - Vice Pres","","","Y","0",""
"12","001","000","Robert William Dietz","UNF","President - Vice Pres","","","Y","0",""
"12","001","000","Dwight Kenneth French","UNF","President - Vice Pres","","","Y","0",""
"12","001","000","Darrell Hykes","UNF","President - Vice Pres","","","Y","0",""
"12","001","000","Nelson Keyton","UNF","President - Vice Pres","","","Y","0",""
"12","001","000","Dean Morstad","UNF","President - Vice Pres","","","Y","0",""
"12","001","000","Deonia Neveu","UNF","President - Vice Pres","","","Y","0",""
"12","001","000","Terrance James O'Hara","UNF","President - Vice Pres","","","Y","0",""
"12","001","000","Jill Reed","UNF","President - Vice Pres","","","Y","0",""
"12","001","000","Cecil James Roth","UNF","President - Vice Pres","","","Y","0",""
"12","001","000","Sheila Tittle","UNF","President - Vice Pres","","","Y","0",""
"12","001","000","Other Write-Ins","BOT","President - Vice Pres","","","Y","4",""
"12","001","000","Ben Cardin","DEM","U.S. Senator           ","","Y","","191",""
"12","001","000","Daniel John Bongino","REP","U.S. Senator           ","","","","474",""
"12","001","000","Dean Ahmad","LIB","U.S. Senator           ","","","","9",""
"12","001","000","S. Rob Sobhani","UNF","U.S. Senator           ","","","","22",""
"12","001","000","Lih Young","DEM","U.S. Senator           ","","","Y","0",""
"12","001","000","Mary Podlesak","REP","U.S. Senator           ","","","Y","0",""
"12","001","000","Brandy Baker","UNF","U.S. Senator           ","","","Y","0",""
"12","001","000","Ed Tinus","UNF","U.S. Senator           ","","","Y","0",""
"12","001","000","Other Write-Ins","BOT","U.S. Senator           ","","","Y","0",""
"12","001","000","John Delaney","DEM","U.S. Congress","06","Y","","218",""
"12","001","000","Roscoe G. Bartlett","REP","U.S. Congress","06","","","483",""
"12","001","000","Nickolaus Mueller","LIB","U.S. Congress","06","","","19",""
"12","001","000","Other Write-Ins","BOT","U.S. Congress","06","","Y","0",""
"12","001","000","Lynne A. Battaglia","BOT","Appellate Judge","03","Y","","475","108"
"12","001","000","Stuart R. Berger","BOT","Judge Spec Appeal at Lg","","Y","","466","108"
"12","001","000","Gary L. Barlow","NON","Board of Ed at Large","","","","222",""
"12","001","000","Cindy Downton","NON","Board of Ed at Large","","Y","","246",""
"12","001","000","Darlena M. Grady","NON","Board of Ed at Large","","","","235",""
"12","001","000","Charlotte Sebold","NON","Board of Ed at Large","","Y","","385",""
"12","001","000","Other Write-Ins","NON","Board of Ed at Large","","","Y","1",""
"12","002","000","Barack Obama","DEM","President - Vice Pres","","Y","","158",""
"12","002","000","Mitt Romney","REP","President - Vice Pres","","","","531",""
"12","002","000","Gary Johnson","LIB","President - Vice Pres","","","","3",""
"12","002","000","Jill Stein","GRN","President - Vice Pres","","","","4",""
"12","002","000","Tiffany Renee Briscoe","DEM","President - Vice Pres","","","Y","0",""
"12","002","000","Dennis Knill","DEM","President - Vice Pres","","","Y","0",""
"12","002","000","Matthew Lydick","REP","President - Vice Pres","","","Y","0",""
"12","002","000","Barbara A. Prokopich","REP","President - Vice Pres","","","Y","0",""
"12","002","000","Santa Claus","IND","President - Vice Pres","","","Y","0",""
"12","002","000","Richard Duncan","IND","President - Vice Pres","","","Y","0",""
"12","002","000","Bruce Mlynski","IND","President - Vice Pres","","","Y","0",""
"12","002","000","Kevin M. Thorne","IND","President - Vice Pres","","","Y","0",""
"12","002","000","James Clymer","CON","President - Vice Pres","","","Y","0",""
"12","002","000","Virgil Goode","CON","President - Vice Pres","","","Y","0",""
"12","002","000","Ross C. Rocky Anderson","OTH","President - Vice Pres","","","Y","0",""
"12","002","000","Andre Barnett","OTH","President - Vice Pres","","","Y","0",""
"12","002","000","Roseanne Barr","OTH","President - Vice Pres","","","Y","0",""
"12","002","000","Will Christensen","OTH","President - Vice Pres","","","Y","0",""
"12","002","000","Stephen Durham","OTH","President - Vice Pres","","","Y","0",""
"12","002","000","Merlin Miller","OTH","President - Vice Pres","","","Y","0",""
"12","002","000","Leon Leo Ray","OTH","President - Vice Pres","","","Y","0",""
"12","002","000","Michael David Boyles","UNF","President - Vice Pres","","","Y","0",""
"12","002","000","Theodis (Ted) Brown, Sr.","UNF","President - Vice Pres","","","Y","0",""
"12","002","000","Paul Chehade","UNF","President - Vice Pres","","","Y","0",""
"12","002","000","David M. Crosby","UNF","President - Vice Pres","","","Y","0",""
"12","002","000","Fred Donald Dickson, Jr.","UNF","President - Vice Pres","","","Y","0",""
"12","002","000","Robert William Dietz","UNF","President - Vice Pres","","","Y","0",""
"12","002","000","Dwight Kenneth French","UNF","President - Vice Pres","","","Y","0",""
"12","002","000","Darrell Hykes","UNF","President - Vice Pres","","","Y","0",""
"12","002","000","Nelson Keyton","UNF","President - Vice Pres","","","Y","0",""
"12","002","000","Dean Morstad","UNF","President - Vice Pres","","","Y","0",""
"12","002","000","Deonia Neveu","UNF","President - Vice Pres","","","Y","0",""
"12","002","000","Terrance James O'Hara","UNF","President - Vice Pres","","","Y","0",""
"12","002","000","Jill Reed","UNF","President - Vice Pres","","","Y","0",""
"12","002","000","Cecil James Roth","UNF","President - Vice Pres","","","Y","0",""
"12","002","000","Sheila Tittle","UNF","President - Vice Pres","","","Y","0",""
"12","002","000","Other Write-Ins","BOT","President - Vice Pres","","","Y","1",""
"12","002","000","Ben Cardin","DEM","U.S. Senator           ","","Y","","185",""
"12","002","000","Daniel John Bongino","REP","U.S. Senator           ","","","","421",""
"12","002","000","Dean Ahmad","LIB","U.S. Senator           ","","","","9",""
"12","002","000","S. Rob Sobhani","UNF","U.S. Senator           ","","","","29",""
"12","002","000","Lih Young","DEM","U.S. Senator           ","","","Y","0",""
"12","002","000","Mary Podlesak","REP","U.S. Senator           ","","","Y","0",""
"12","002","000","Brandy Baker","UNF","U.S. Senator           ","","","Y","0",""
"12","002","000","Ed Tinus","UNF","U.S. Senator           ","","","Y","0",""
"12","002","000","Other Write-Ins","BOT","U.S. Senator           ","","","Y","1",""
"12","002","000","John Delaney","DEM","U.S. Congress","06","Y","","190",""
"12","002","000","Roscoe G. Bartlett","REP","U.S. Congress","06","","","447",""
"12","002","000","Nickolaus Mueller","LIB","U.S. Congress","06","","","25",""
"12","002","000","Other Write-Ins","BOT","U.S. Congress","06","","Y","0",""
"12","002","000","Lynne A. Battaglia","BOT","Appellate Judge","03","Y","","417","129"
"12","002","000","Stuart R. Berger","BOT","Judge Spec Appeal at Lg","","Y","","430","113"
"12","002","000","Gary L. Barlow","NON","Board of Ed at Large","","","","231",""
"12","002","000","Cindy Downton","NON","Board of Ed at Large","","Y","","270",""
"12","002","000","Darlena M. Grady","NON","Board of Ed at Large","","","","141",""
"12","002","000","Charlotte Sebold","NON","Board of Ed at Large","","Y","","395",""
"12","002","000","Other Write-Ins","NON","Board of Ed at Large","","","Y","2",""
"12","003","001","Barack Obama","DEM","President - Vice Pres","","Y","","159",""
"12","003","001","Mitt Romney","REP","President - Vice Pres","","","","815",""
"12","003","001","Gary Johnson","LIB","President - Vice Pres","","","","9",""
"12","003","001","Jill Stein","GRN","President - Vice Pres","","","","7",""
"12","003","001","Tiffany Renee Briscoe","DEM","President - Vice Pres","","","Y","0",""
"12","003","001","Dennis Knill","DEM","President - Vice Pres","","","Y","0",""
"12","003","001","Matthew Lydick","REP","President - Vice Pres","","","Y","0",""
"12","003","001","Barbara A. Prokopich","REP","President - Vice Pres","","","Y","0",""
"12","003","001","Santa Claus","IND","President - Vice Pres","","","Y","0",""
"12","003","001","Richard Duncan","IND","President - Vice Pres","","","Y","0",""
"12","003","001","Bruce Mlynski","IND","President - Vice Pres","","","Y","0",""
"12","003","001","Kevin M. Thorne","IND","President - Vice Pres","","","Y","0",""
"12","003","001","James Clymer","CON","President - Vice Pres","","","Y","0",""
"12","003","001","Virgil Goode","CON","President - Vice Pres","","","Y","0",""
"12","003","001","Ross C. Rocky Anderson","OTH","President - Vice Pres","","","Y","0",""
"12","003","001","Andre Barnett","OTH","President - Vice Pres","","","Y","0",""
"12","003","001","Roseanne Barr","OTH","President - Vice Pres","","","Y","1",""
"12","003","001","Will Christensen","OTH","President - Vice Pres","","","Y","0",""
"12","003","001","Stephen Durham","OTH","President - Vice Pres","","","Y","0",""
"12","003","001","Merlin Miller","OTH","President - Vice Pres","","","Y","0",""
"12","003","001","Leon Leo Ray","OTH","President - Vice Pres","","","Y","0",""
"12","003","001","Michael David Boyles","UNF","President - Vice Pres","","","Y","0",""
"12","003","001","Theodis (Ted) Brown, Sr.","UNF","President - Vice Pres","","","Y","0",""
"12","003","001","Paul Chehade","UNF","President - Vice Pres","","","Y","0",""
"12","003","001","David M. Crosby","UNF","President - Vice Pres","","","Y","0",""
"12","003","001","Fred Donald Dickson, Jr.","UNF","President - Vice Pres","","","Y","0",""
"12","003","001","Robert William Dietz","UNF","President - Vice Pres","","","Y","0",""
"12","003","001","Dwight Kenneth French","UNF","President - Vice Pres","","","Y","0",""
"12","003","001","Darrell Hykes","UNF","President - Vice Pres","","","Y","0",""
"12","003","001","Nelson Keyton","UNF","President - Vice Pres","","","Y","0",""
"12","003","001","Dean Morstad","UNF","President - Vice Pres","","","Y","0",""
"12","003","001","Deonia Neveu","UNF","President - Vice Pres","","","Y","0",""
"12","003","001","Terrance James O'Hara","UNF","President - Vice Pres","","","Y","0",""
"12","003","001","Jill Reed","UNF","President - Vice Pres","","","Y","0",""
"12","003","001","Cecil James Roth","UNF","President - Vice Pres","","","Y","0",""
"12","003","001","Sheila Tittle","UNF","President - Vice Pres","","","Y","0",""
"12","003","001","Other Write-Ins","BOT","President - Vice Pres","","","Y","2",""
"12","003","001","Ben Cardin","DEM","U.S. Senator           ","","Y","","196",""
"12","003","001","Daniel John Bongino","REP","U.S. Senator           ","","","","683",""
"12","003","001","Dean Ahmad","LIB","U.S. Senator           ","","","","15",""
"12","003","001","S. Rob Sobhani","UNF","U.S. Senator           ","","","","45",""
"12","003","001","Lih Young","DEM","U.S. Senator           ","","","Y","0",""
"12","003","001","Mary Podlesak","REP","U.S. Senator           ","","","Y","0",""
"12","003","001","Brandy Baker","UNF","U.S. Senator           ","","","Y","0",""
"12","003","001","Ed Tinus","UNF","U.S. Senator           ","","","Y","0",""
"12","003","001","Other Write-Ins","BOT","U.S. Senator           ","","","Y","0",""
"12","003","001","John Delaney","DEM","U.S. Congress","06","Y","","247",""
"12","003","001","Roscoe G. Bartlett","REP","U.S. Congress","06","","","693",""
"12","003","001","Nickolaus Mueller","LIB","U.S. Congress","06","","","25",""
"12","003","001","Other Write-Ins","BOT","U.S. Congress","06","","Y","0",""
"12","003","001","Lynne A. Battaglia","BOT","Appellate Judge","03","Y","","634","140"
"12","003","001","Stuart R. Berger","BOT","Judge Spec Appeal at Lg","","Y","","637","133"
"12","003","001","Gary L. Barlow","NON","Board of Ed at Large","","","","302",""
"12","003","001","Cindy Downton","NON","Board of Ed at Large","","Y","","572",""
"12","003","001","Darlena M. Grady","NON","Board of Ed at Large","","","","119",""
"12","003","001","Charlotte Sebold","NON","Board of Ed at Large","","Y","","556",""
"12","003","001","Other Write-Ins","NON","Board of Ed at Large","","","Y","5",""
"12","003","002","Barack Obama","DEM","President - Vice Pres","","Y","","63",""
"12","003","002","Mitt Romney","REP","President - Vice Pres","","","","239",""
"12","003","002","Gary Johnson","LIB","President - Vice Pres","","","","2",""
"12","003","002","Jill Stein","GRN","President - Vice Pres","","","","7",""
"12","003","002","Tiffany Renee Briscoe","DEM","President - Vice Pres","","","Y","0",""
"12","003","002","Dennis Knill","DEM","President - Vice Pres","","","Y","0",""
"12","003","002","Matthew Lydick","REP","President - Vice Pres","","","Y","0",""
"12","003","002","Barbara A. Prokopich","REP","President - Vice Pres","","","Y","0",""
"12","003","002","Santa Claus","IND","President - Vice Pres","","","Y","0",""
"12","003","002","Richard Duncan","IND","President - Vice Pres","","","Y","0",""
"12","003","002","Bruce Mlynski","IND","President - Vice Pres","","","Y","0",""
"12","003","002","Kevin M. Thorne","IND","President - Vice Pres","","","Y","0",""
"12","003","002","James Clymer","CON","President - Vice Pres","","","Y","0",""
"12","003","002","Virgil Goode","CON","President - Vice Pres","","","Y","0",""
"12","003","002","Ross C. Rocky Anderson","OTH","President - Vice Pres","","","Y","0",""
"12","003","002","Andre Barnett","OTH","President - Vice Pres","","","Y","0",""
"12","003","002","Roseanne Barr","OTH","President - Vice Pres","","","Y","0",""
"12","003","002","Will Christensen","OTH","President - Vice Pres","","","Y","0",""
"12","003","002","Stephen Durham","OTH","President - Vice Pres","","","Y","0",""
"12","003","002","Merlin Miller","OTH","President - Vice Pres","","","Y","0",""
"12","003","002","Leon Leo Ray","OTH","President - Vice Pres","","","Y","0",""
"12","003","002","Michael David Boyles","UNF","President - Vice Pres","","","Y","0",""
"12","003","002","Theodis (Ted) Brown, Sr.","UNF","President - Vice Pres","","","Y","0",""
"12","003","002","Paul Chehade","UNF","President - Vice Pres","","","Y","0",""
"12","003","002","David M. Crosby","UNF","President - Vice Pres","","","Y","0",""
"12","003","002","Fred Donald Dickson, Jr.","UNF","President - Vice Pres","","","Y","0",""
"12","003","002","Robert William Dietz","UNF","President - Vice Pres","","","Y","0",""
"12","003","002","Dwight Kenneth French","UNF","President - Vice Pres","","","Y","0",""
"12","003","002","Darrell Hykes","UNF","President - Vice Pres","","","Y","0",""
"12","003","002","Nelson Keyton","UNF","President - Vice Pres","","","Y","0",""
"12","003","002","Dean Morstad","UNF","President - Vice Pres","","","Y","0",""
"12","003","002","Deonia Neveu","UNF","President - Vice Pres","","","Y","0",""
"12","003","002","Terrance James O'Hara","UNF","President - Vice Pres","","","Y","0",""
"12","003","002","Jill Reed","UNF","President - Vice Pres","","","Y","0",""
"12","003","002","Cecil James Roth","UNF","President - Vice Pres","","","Y","0",""
"12","003","002","Sheila Tittle","UNF","President - Vice Pres","","","Y","0",""
"12","003","002","Other Write-Ins","BOT","President - Vice Pres","","","Y","1",""
"12","003","002","Ben Cardin","DEM","U.S. Senator           ","","Y","","87",""
"12","003","002","Daniel John Bongino","REP","U.S. Senator           ","","","","191",""
"12","003","002","Dean Ahmad","LIB","U.S. Senator           ","","","","4",""
"12","003","002","S. Rob Sobhani","UNF","U.S. Senator           ","","","","15",""
"12","003","002","Lih Young","DEM","U.S. Senator           ","","","Y","0",""
"12","003","002","Mary Podlesak","REP","U.S. Senator           ","","","Y","0",""
"12","003","002","Brandy Baker","UNF","U.S. Senator           ","","","Y","0",""
"12","003","002","Ed Tinus","UNF","U.S. Senator           ","","","Y","0",""
"12","003","002","Other Write-Ins","BOT","U.S. Senator           ","","","Y","0",""
"12","003","002","John Delaney","DEM","U.S. Congress","06","Y","","103",""
"12","003","002","Roscoe G. Bartlett","REP","U.S. Congress","06","","","192",""
"12","003","002","Nickolaus Mueller","LIB","U.S. Congress","06","","","8",""
"12","003","002","Other Write-Ins","BOT","U.S. Congress","06","","Y","0",""
"12","003","002","Lynne A. Battaglia","BOT","Appellate Judge","03","Y","","213","37"
"12","003","002","Stuart R. Berger","BOT","Judge Spec Appeal at Lg","","Y","","204","41"
"12","003","002","Gary L. Barlow","NON","Board of Ed at Large","","","","89",""
"12","003","002","Cindy Downton","NON","Board of Ed at Large","","Y","","177",""
"12","003","002","Darlena M. Grady","NON","Board of Ed at Large","","","","51",""
"12","003","002","Charlotte Sebold","NON","Board of Ed at Large","","Y","","173",""
"12","003","002","Other Write-Ins","NON","Board of Ed at Large","","","Y","1",""
"12","004","000","Barack Obama","DEM","President - Vice Pres","","Y","","55",""
"12","004","000","Mitt Romney","REP","President - Vice Pres","","","","273",""
"12","004","000","Gary Johnson","LIB","President - Vice Pres","","","","4",""
"12","004","000","Jill Stein","GRN","President - Vice Pres","","","","0",""
"12","004","000","Tiffany Renee Briscoe","DEM","President - Vice Pres","","","Y","0",""
"12","004","000","Dennis Knill","DEM","President - Vice Pres","","","Y","0",""
"12","004","000","Matthew Lydick","REP","President - Vice Pres","","","Y","0",""
"12","004","000","Barbara A. Prokopich","REP","President - Vice Pres","","","Y","0",""
"12","004","000","Santa Claus","IND","President - Vice Pres","","","Y","1",""
"12","004","000","Richard Duncan","IND","President - Vice Pres","","","Y","0",""
"12","004","000","Bruce Mlynski","IND","President - Vice Pres","","","Y","0",""
"12","004","000","Kevin M. Thorne","IND","President - Vice Pres","","","Y","0",""
"12","004","000","James Clymer","CON","President - Vice Pres","","","Y","0",""
"12","004","000","Virgil Goode","CON","President - Vice Pres","","","Y","0",""
"12","004","000","Ross C. Rocky Anderson","OTH","President - Vice Pres","","","Y","0",""
"12","004","000","Andre Barnett","OTH","President - Vice Pres","","","Y","0",""
"12","004","000","Roseanne Barr","OTH","President - Vice Pres","","","Y","0",""
"12","004","000","Will Christensen","OTH","President - Vice Pres","","","Y","0",""
"12","004","000","Stephen Durham","OTH","President - Vice Pres","","","Y","0",""
"12","004","000","Merlin Miller","OTH","President - Vice Pres","","","Y","0",""
"12","004","000","Leon Leo Ray","OTH","President - Vice Pres","","","Y","0",""
"12","004","000","Michael David Boyles","UNF","President - Vice Pres","","","Y","0",""
"12","004","000","Theodis (Ted) Brown, Sr.","UNF","President - Vice Pres","","","Y","0",""
"12","004","000","Paul Chehade","UNF","President - Vice Pres","","","Y","0",""
"12","004","000","David M. Crosby","UNF","President - Vice Pres","","","Y","0",""
"12","004","000","Fred Donald Dickson, Jr.","UNF","President - Vice Pres","","","Y","0",""
"12","004","000","Robert William Dietz","UNF","President - Vice Pres","","","Y","0",""
"12","004","000","Dwight Kenneth French","UNF","President - Vice Pres","","","Y","0",""
"12","004","000","Darrell Hykes","UNF","President - Vice Pres","","","Y","0",""
"12","004","000","Nelson Keyton","UNF","President - Vice Pres","","","Y","0",""
"12","004","000","Dean Morstad","UNF","President - Vice Pres","","","Y","0",""
"12","004","000","Deonia Neveu","UNF","President - Vice Pres","","","Y","0",""
"12","004","000","Terrance James O'Hara","UNF","President - Vice Pres","","","Y","0",""
"12","004","000","Jill Reed","UNF","President - Vice Pres","","","Y","0",""
"12","004","000","Cecil James Roth","UNF","President - Vice Pres","","","Y","0",""
"12","004","000","Sheila Tittle","UNF","President - Vice Pres","","","Y","0",""
"12","004","000","Other Write-Ins","BOT","President - Vice Pres","","","Y","1",""
"12","004","000","Ben Cardin","DEM","U.S. Senator           ","","Y","","67",""
"12","004","000","Daniel John Bongino","REP","U.S. Senator           ","","","","216",""
"12","004","000","Dean Ahmad","LIB","U.S. Senator           ","","","","5",""
"12","004","000","S. Rob Sobhani","UNF","U.S. Senator           ","","","","23",""
"12","004","000","Lih Young","DEM","U.S. Senator           ","","","Y","0",""
"12","004","000","Mary Podlesak","REP","U.S. Senator           ","","","Y","0",""
"12","004","000","Brandy Baker","UNF","U.S. Senator           ","","","Y","0",""
"12","004","000","Ed Tinus","UNF","U.S. Senator           ","","","Y","0",""
"12","004","000","Other Write-Ins","BOT","U.S. Senator           ","","","Y","1",""
"12","004","000","John Delaney","DEM","U.S. Congress","06","Y","","85",""
"12","004","000","Roscoe G. Bartlett","REP","U.S. Congress","06","","","230",""
"12","004","000","Nickolaus Mueller","LIB","U.S. Congress","06","","","7",""
"12","004","000","Other Write-Ins","BOT","U.S. Congress","06","","Y","0",""
"12","004","000","Lynne A. Battaglia","BOT","Appellate Judge","03","Y","","193","80"
"12","004","000","Stuart R. Berger","BOT","Judge Spec Appeal at Lg","","Y","","192","77"
"12","004","000","Gary L. Barlow","NON","Board of Ed at Large","","","","104",""
"12","004","000","Cindy Downton","NON","Board of Ed at Large","","Y","","110",""
"12","004","000","Darlena M. Grady","NON","Board of Ed at Large","","","","100",""
"12","004","000","Charlotte Sebold","NON","Board of Ed at Large","","Y","","149",""
"12","004","000","Other Write-Ins","NON","Board of Ed at Large","","","Y","2",""
"12","005","000","Barack Obama","DEM","President - Vice Pres","","Y","","144",""
"12","005","000","Mitt Romney","REP","President - Vice Pres","","","","596",""
"12","005","000","Gary Johnson","LIB","President - Vice Pres","","","","7",""
"12","005","000","Jill Stein","GRN","President - Vice Pres","","","","5",""
"12","005","000","Tiffany Renee Briscoe","DEM","President - Vice Pres","","","Y","0",""
"12","005","000","Dennis Knill","DEM","President - Vice Pres","","","Y","0",""
"12","005","000","Matthew Lydick","REP","President - Vice Pres","","","Y","0",""
"12","005","000","Barbara A. Prokopich","REP","President - Vice Pres","","","Y","0",""
"12","005","000","Santa Claus","IND","President - Vice Pres","","","Y","1",""
"12","005","000","Richard Duncan","IND","President - Vice Pres","","","Y","0",""
"12","005","000","Bruce Mlynski","IND","President - Vice Pres","","","Y","0",""
"12","005","000","Kevin M. Thorne","IND","President - Vice Pres","","","Y","0",""
"12","005","000","James Clymer","CON","President - Vice Pres","","","Y","0",""
"12","005","000","Virgil Goode","CON","President - Vice Pres","","","Y","0",""
"12","005","000","Ross C. Rocky Anderson","OTH","President - Vice Pres","","","Y","0",""
"12","005","000","Andre Barnett","OTH","President - Vice Pres","","","Y","0",""
"12","005","000","Roseanne Barr","OTH","President - Vice Pres","","","Y","0",""
"12","005","000","Will Christensen","OTH","President - Vice Pres","","","Y","0",""
"12","005","000","Stephen Durham","OTH","President - Vice Pres","","","Y","0",""
"12","005","000","Merlin Miller","OTH","President - Vice Pres","","","Y","0",""
"12","005","000","Leon Leo Ray","OTH","President - Vice Pres","","","Y","0",""
"12","005","000","Michael David Boyles","UNF","President - Vice Pres","","","Y","0",""
"12","005","000","Theodis (Ted) Brown, Sr.","UNF","President - Vice Pres","","","Y","0",""
"12","005","000","Paul Chehade","UNF","President - Vice Pres","","","Y","0",""
"12","005","000","David M. Crosby","UNF","President - Vice Pres","","","Y","0",""
"12","005","000","Fred Donald Dickson, Jr.","UNF","President - Vice Pres","","","Y","0",""
"12","005","000","Robert William Dietz","UNF","President - Vice Pres","","","Y","0",""
"12","005","000","Dwight Kenneth French","UNF","President - Vice Pres","","","Y","0",""
"12","005","000","Darrell Hykes","UNF","President - Vice Pres","","","Y","0",""
"12","005","000","Nelson Keyton","UNF","President - Vice Pres","","","Y","0",""
"12","005","000","Dean Morstad","UNF","President - Vice Pres","","","Y","0",""
"12","005","000","Deonia Neveu","UNF","President - Vice Pres","","","Y","0",""
"12","005","000","Terrance James O'Hara","UNF","President - Vice Pres","","","Y","0",""
"12","005","000","Jill Reed","UNF","President - Vice Pres","","","Y","0",""
"12","005","000","Cecil James Roth","UNF","President - Vice Pres","","","Y","0",""
"12","005","000","Sheila Tittle","UNF","President - Vice Pres","","","Y","0",""
"12","005","000","Other Write-Ins","BOT","President - Vice Pres","","","Y","2",""
"12","005","000","Ben Cardin","DEM","U.S. Senator           ","","Y","","168",""
"12","005","000","Daniel John Bongino","REP","U.S. Senator           ","","","","520",""
"12","005","000","Dean Ahmad","LIB","U.S. Senator           ","","","","8",""
"12","005","000","S. Rob Sobhani","UNF","U.S. Senator           ","","","","24",""
"12","005","000","Lih Young","DEM","U.S. Senator           ","","","Y","0",""
"12","005","000","Mary Podlesak","REP","U.S. Senator           ","","","Y","0",""
"12","005","000","Brandy Baker","UNF","U.S. Senator           ","","","Y","0",""
"12","005","000","Ed Tinus","UNF","U.S. Senator           ","","","Y","0",""
"12","005","000","Other Write-Ins","BOT","U.S. Senator           ","","","Y","0",""
"12","005","000","John Delaney","DEM","U.S. Congress","06","Y","","200",""
"12","005","000","Roscoe G. Bartlett","REP","U.S. Congress","06","","","513",""
"12","005","000","Nickolaus Mueller","LIB","U.S. Congress","06","","","19",""
"12","005","000","Other Write-Ins","BOT","U.S. Congress","06","","Y","0",""
"12","005","000","Lynne A. Battaglia","BOT","Appellate Judge","03","Y","","460","134"
"12","005","000","Stuart R. Berger","BOT","Judge Spec Appeal at Lg","","Y","","457","125"
"12","005","000","Gary L. Barlow","NON","Board of Ed at Large","","","","221",""
"12","005","000","Cindy Downton","NON","Board of Ed at Large","","Y","","330",""
"12","005","000","Darlena M. Grady","NON","Board of Ed at Large","","","","175",""
"12","005","000","Charlotte Sebold","NON","Board of Ed at Large","","Y","","478",""
"12","005","000","Other Write-Ins","NON","Board of Ed at Large","","","Y","4",""
"12","006","000","Barack Obama","DEM","President - Vice Pres","","Y","","200",""
"12","006","000","Mitt Romney","REP","President - Vice Pres","","","","562",""
"12","006","000","Gary Johnson","LIB","President - Vice Pres","","","","6",""
"12","006","000","Jill Stein","GRN","President - Vice Pres","","","","4",""
"12","006","000","Tiffany Renee Briscoe","DEM","President - Vice Pres","","","Y","0",""
"12","006","000","Dennis Knill","DEM","President - Vice Pres","","","Y","0",""
"12","006","000","Matthew Lydick","REP","President - Vice Pres","","","Y","0",""
"12","006","000","Barbara A. Prokopich","REP","President - Vice Pres","","","Y","0",""
"12","006","000","Santa Claus","IND","President - Vice Pres","","","Y","0",""
"12","006","000","Richard Duncan","IND","President - Vice Pres","","","Y","0",""
"12","006","000","Bruce Mlynski","IND","President - Vice Pres","","","Y","0",""
"12","006","000","Kevin M. Thorne","IND","President - Vice Pres","","","Y","0",""
"12","006","000","James Clymer","CON","President - Vice Pres","","","Y","0",""
"12","006","000","Virgil Goode","CON","President - Vice Pres","","","Y","0",""
"12","006","000","Ross C. Rocky Anderson","OTH","President - Vice Pres","","","Y","0",""
"12","006","000","Andre Barnett","OTH","President - Vice Pres","","","Y","0",""
"12","006","000","Roseanne Barr","OTH","President - Vice Pres","","","Y","0",""
"12","006","000","Will Christensen","OTH","President - Vice Pres","","","Y","0",""
"12","006","000","Stephen Durham","OTH","President - Vice Pres","","","Y","0",""
"12","006","000","Merlin Miller","OTH","President - Vice Pres","","","Y","0",""
"12","006","000","Leon Leo Ray","OTH","President - Vice Pres","","","Y","0",""
"12","006","000","Michael David Boyles","UNF","President - Vice Pres","","","Y","0",""
"12","006","000","Theodis (Ted) Brown, Sr.","UNF","President - Vice Pres","","","Y","0",""
"12","006","000","Paul Chehade","UNF","President - Vice Pres","","","Y","0",""
"12","006","000","David M. Crosby","UNF","President - Vice Pres","","","Y","0",""
"12","006","000","Fred Donald Dickson, Jr.","UNF","President - Vice Pres","","","Y","0",""
"12","006","000","Robert William Dietz","UNF","President - Vice Pres","","","Y","0",""
"12","006","000","Dwight Kenneth French","UNF","President - Vice Pres","","","Y","0",""
"12","006","000","Darrell Hykes","UNF","President - Vice Pres","","","Y","0",""
"12","006","000","Nelson Keyton","UNF","President - Vice Pres","","","Y","0",""
"12","006","000","Dean Morstad","UNF","President - Vice Pres","","","Y","0",""
"12","006","000","Deonia Neveu","UNF","President - Vice Pres","","","Y","0",""
"12","006","000","Terrance James O'Hara","UNF","President - Vice Pres","","","Y","0",""
"12","006","000","Jill Reed","UNF","President - Vice Pres","","","Y","0",""
"12","006","000","Cecil James Roth","UNF","President - Vice Pres","","","Y","0",""
"12","006","000","Sheila Tittle","UNF","President - Vice Pres","","","Y","0",""
"12","006","000","Other Write-Ins","BOT","President - Vice Pres","","","Y","3",""
"12","006","000","Ben Cardin","DEM","U.S. Senator           ","","Y","","239",""
"12","006","000","Daniel John Bongino","REP","U.S. Senator           ","","","","466",""
"12","006","000","Dean Ahmad","LIB","U.S. Senator           ","","","","10",""
"12","006","000","S. Rob Sobhani","UNF","U.S. Senator           ","","","","17",""
"12","006","000","Lih Young","DEM","U.S. Senator           ","","","Y","0",""
"12","006","000","Mary Podlesak","REP","U.S. Senator           ","","","Y","0",""
"12","006","000","Brandy Baker","UNF","U.S. Senator           ","","","Y","0",""
"12","006","000","Ed Tinus","UNF","U.S. Senator           ","","","Y","0",""
"12","006","000","Other Write-Ins","BOT","U.S. Senator           ","","","Y","0",""
"12","006","000","John Delaney","DEM","U.S. Congress","06","Y","","229",""
"12","006","000","Roscoe G. Bartlett","REP","U.S. Congress","06","","","486",""
"12","006","000","Nickolaus Mueller","LIB","U.S. Congress","06","","","26",""
"12","006","000","Other Write-Ins","BOT","U.S. Congress","06","","Y","0",""
"12","006","000","Lynne A. Battaglia","BOT","Appellate Judge","03","Y","","506","115"
"12","006","000","Stuart R. Berger","BOT","Judge Spec Appeal at Lg","","Y","","490","121"
"12","006","000","Gary L. Barlow","NON","Board of Ed at Large","","","","240",""
"12","006","000","Cindy Downton","NON","Board of Ed at Large","","Y","","313",""
"12","006","000","Darlena M. Grady","NON","Board of Ed at Large","","","","187",""
"12","006","000","Charlotte Sebold","NON","Board of Ed at Large","","Y","","465",""
"12","006","000","Other Write-Ins","NON","Board of Ed at Large","","","Y","1",""
"12","007","000","Barack Obama","DEM","President - Vice Pres","","Y","","193",""
"12","007","000","Mitt Romney","REP","President - Vice Pres","","","","542",""
"12","007","000","Gary Johnson","LIB","President - Vice Pres","","","","11",""
"12","007","000","Jill Stein","GRN","President - Vice Pres","","","","4",""
"12","007","000","Tiffany Renee Briscoe","DEM","President - Vice Pres","","","Y","0",""
"12","007","000","Dennis Knill","DEM","President - Vice Pres","","","Y","0",""
"12","007","000","Matthew Lydick","REP","President - Vice Pres","","","Y","0",""
"12","007","000","Barbara A. Prokopich","REP","President - Vice Pres","","","Y","0",""
"12","007","000","Santa Claus","IND","President - Vice Pres","","","Y","0",""
"12","007","000","Richard Duncan","IND","President - Vice Pres","","","Y","0",""
"12","007","000","Bruce Mlynski","IND","President - Vice Pres","","","Y","0",""
"12","007","000","Kevin M. Thorne","IND","President - Vice Pres","","","Y","0",""
"12","007","000","James Clymer","CON","President - Vice Pres","","","Y","0",""
"12","007","000","Virgil Goode","CON","President - Vice Pres","","","Y","0",""
"12","007","000","Ross C. Rocky Anderson","OTH","President - Vice Pres","","","Y","0",""
"12","007","000","Andre Barnett","OTH","President - Vice Pres","","","Y","0",""
"12","007","000","Roseanne Barr","OTH","President - Vice Pres","","","Y","0",""
"12","007","000","Will Christensen","OTH","President - Vice Pres","","","Y","0",""
"12","007","000","Stephen Durham","OTH","President - Vice Pres","","","Y","0",""
"12","007","000","Merlin Miller","OTH","President - Vice Pres","","","Y","0",""
"12","007","000","Leon Leo Ray","OTH","President - Vice Pres","","","Y","0",""
"12","007","000","Michael David Boyles","UNF","President - Vice Pres","","","Y","0",""
"12","007","000","Theodis (Ted) Brown, Sr.","UNF","President - Vice Pres","","","Y","0",""
"12","007","000","Paul Chehade","UNF","President - Vice Pres","","","Y","0",""
"12","007","000","David M. Crosby","UNF","President - Vice Pres","","","Y","0",""
"12","007","000","Fred Donald Dickson, Jr.","UNF","President - Vice Pres","","","Y","0",""
"12","007","000","Robert William Dietz","UNF","President - Vice Pres","","","Y","0",""
"12","007","000","Dwight Kenneth French","UNF","President - Vice Pres","","","Y","0",""
"12","007","000","Darrell Hykes","UNF","President - Vice Pres","","","Y","0",""
"12","007","000","Nelson Keyton","UNF","President - Vice Pres","","","Y","0",""
"12","007","000","Dean Morstad","UNF","President - Vice Pres","","","Y","0",""
"12","007","000","Deonia Neveu","UNF","President - Vice Pres","","","Y","0",""
"12","007","000","Terrance James O'Hara","UNF","President - Vice Pres","","","Y","0",""
"12","007","000","Jill Reed","UNF","President - Vice Pres","","","Y","0",""
"12","007","000","Cecil James Roth","UNF","President - Vice Pres","","","Y","0",""
"12","007","000","Sheila Tittle","UNF","President - Vice Pres","","","Y","0",""
"12","007","000","Other Write-Ins","BOT","President - Vice Pres","","","Y","1",""
"12","007","000","Ben Cardin","DEM","U.S. Senator           ","","Y","","187",""
"12","007","000","Daniel John Bongino","REP","U.S. Senator           ","","","","482",""
"12","007","000","Dean Ahmad","LIB","U.S. Senator           ","","","","15",""
"12","007","000","S. Rob Sobhani","UNF","U.S. Senator           ","","","","21",""
"12","007","000","Lih Young","DEM","U.S. Senator           ","","","Y","0",""
"12","007","000","Mary Podlesak","REP","U.S. Senator           ","","","Y","0",""
"12","007","000","Brandy Baker","UNF","U.S. Senator           ","","","Y","0",""
"12","007","000","Ed Tinus","UNF","U.S. Senator           ","","","Y","0",""
"12","007","000","Other Write-Ins","BOT","U.S. Senator           ","","","Y","0",""
"12","007","000","John Delaney","DEM","U.S. Congress","06","Y","","207",""
"12","007","000","Roscoe G. Bartlett","REP","U.S. Congress","06","","","489",""
"12","007","000","Nickolaus Mueller","LIB","U.S. Congress","06","","","29",""
"12","007","000","Other Write-Ins","BOT","U.S. Congress","06","","Y","0",""
"12","007","000","Lynne A. Battaglia","BOT","Appellate Judge","03","Y","","476","108"
"12","007","000","Stuart R. Berger","BOT","Judge Spec Appeal at Lg","","Y","","463","108"
"12","007","000","Gary L. Barlow","NON","Board of Ed at Large","","","","246",""
"12","007","000","Cindy Downton","NON","Board of Ed at Large","","Y","","253",""
"12","007","000","Darlena M. Grady","NON","Board of Ed at Large","","","","279",""
"12","007","000","Charlotte Sebold","NON","Board of Ed at Large","","Y","","372",""
"12","007","000","Other Write-Ins","NON","Board of Ed at Large","","","Y","7",""
"12","008","001","Barack Obama","DEM","President - Vice Pres","","Y","","59",""
"12","008","001","Mitt Romney","REP","President - Vice Pres","","","","170",""
"12","008","001","Gary Johnson","LIB","President - Vice Pres","","","","3",""
"12","008","001","Jill Stein","GRN","President - Vice Pres","","","","1",""
"12","008","001","Tiffany Renee Briscoe","DEM","President - Vice Pres","","","Y","0",""
"12","008","001","Dennis Knill","DEM","President - Vice Pres","","","Y","0",""
"12","008","001","Matthew Lydick","REP","President - Vice Pres","","","Y","0",""
"12","008","001","Barbara A. Prokopich","REP","President - Vice Pres","","","Y","0",""
"12","008","001","Santa Claus","IND","President - Vice Pres","","","Y","0",""
"12","008","001","Richard Duncan","IND","President - Vice Pres","","","Y","0",""
"12","008","001","Bruce Mlynski","IND","President - Vice Pres","","","Y","0",""
"12","008","001","Kevin M. Thorne","IND","President - Vice Pres","","","Y","0",""
"12","008","001","James Clymer","CON","President - Vice Pres","","","Y","0",""
"12","008","001","Virgil Goode","CON","President - Vice Pres","","","Y","0",""
"12","008","001","Ross C. Rocky Anderson","OTH","President - Vice Pres","","","Y","0",""
"12","008","001","Andre Barnett","OTH","President - Vice Pres","","","Y","0",""
"12","008","001","Roseanne Barr","OTH","President - Vice Pres","","","Y","0",""
"12","008","001","Will Christensen","OTH","President - Vice Pres","","","Y","0",""
"12","008","001","Stephen Durham","OTH","President - Vice Pres","","","Y","0",""
"12","008","001","Merlin Miller","OTH","President - Vice Pres","","","Y","0",""
"12","008","001","Leon Leo Ray","OTH","President - Vice Pres","","","Y","0",""
"12","008","001","Michael David Boyles","UNF","President - Vice Pres","","","Y","0",""
"12","008","001","Theodis (Ted) Brown, Sr.","UNF","President - Vice Pres","","","Y","0",""
"12","008","001","Paul Chehade","UNF","President - Vice Pres","","","Y","0",""
"12","008","001","David M. Crosby","UNF","President - Vice Pres","","","Y","0",""
"12","008","001","Fred Donald Dickson, Jr.","UNF","President - Vice Pres","","","Y","0",""
"12","008","001","Robert William Dietz","UNF","President - Vice Pres","","","Y","0",""
"12","008","001","Dwight Kenneth French","UNF","President - Vice Pres","","","Y","0",""
"12","008","001","Darrell Hykes","UNF","President - Vice Pres","","","Y","0",""
"12","008","001","Nelson Keyton","UNF","President - Vice Pres","","","Y","0",""
"12","008","001","Dean Morstad","UNF","President - Vice Pres","","","Y","0",""
"12","008","001","Deonia Neveu","UNF","President - Vice Pres","","","Y","0",""
"12","008","001","Terrance James O'Hara","UNF","President - Vice Pres","","","Y","0",""
"12","008","001","Jill Reed","UNF","President - Vice Pres","","","Y","0",""
"12","008","001","Cecil James Roth","UNF","President - Vice Pres","","","Y","0",""
"12","008","001","Sheila Tittle","UNF","President - Vice Pres","","","Y","0",""
"12","008","001","Other Write-Ins","BOT","President - Vice Pres","","","Y","2",""
"12","008","001","Ben Cardin","DEM","U.S. Senator           ","","Y","","62",""
"12","008","001","Daniel John Bongino","REP","U.S. Senator           ","","","","149",""
"12","008","001","Dean Ahmad","LIB","U.S. Senator           ","","","","2",""
"12","008","001","S. Rob Sobhani","UNF","U.S. Senator           ","","","","7",""
"12","008","001","Lih Young","DEM","U.S. Senator           ","","","Y","0",""
"12","008","001","Mary Podlesak","REP","U.S. Senator           ","","","Y","0",""
"12","008","001","Brandy Baker","UNF","U.S. Senator           ","","","Y","0",""
"12","008","001","Ed Tinus","UNF","U.S. Senator           ","","","Y","0",""
"12","008","001","Other Write-Ins","BOT","U.S. Senator           ","","","Y","0",""
"12","008","001","John Delaney","DEM","U.S. Congress","06","Y","","78",""
"12","008","001","Roscoe G. Bartlett","REP","U.S. Congress","06","","","143",""
"12","008","001","Nickolaus Mueller","LIB","U.S. Congress","06","","","6",""
"12","008","001","Other Write-Ins","BOT","U.S. Congress","06","","Y","0",""
"12","008","001","Lynne A. Battaglia","BOT","Appellate Judge","03","Y","","141","38"
"12","008","001","Stuart R. Berger","BOT","Judge Spec Appeal at Lg","","Y","","136","40"
"12","008","001","Gary L. Barlow","NON","Board of Ed at Large","","","","70",""
"12","008","001","Cindy Downton","NON","Board of Ed at Large","","Y","","73",""
"12","008","001","Darlena M. Grady","NON","Board of Ed at Large","","","","70",""
"12","008","001","Charlotte Sebold","NON","Board of Ed at Large","","Y","","117",""
"12","008","001","Other Write-Ins","NON","Board of Ed at Large","","","Y","3",""
"12","008","002","Barack Obama","DEM","President - Vice Pres","","Y","","33",""
"12","008","002","Mitt Romney","REP","President - Vice Pres","","","","261",""
"12","008","002","Gary Johnson","LIB","President - Vice Pres","","","","2",""
"12","008","002","Jill Stein","GRN","President - Vice Pres","","","","3",""
"12","008","002","Tiffany Renee Briscoe","DEM","President - Vice Pres","","","Y","0",""
"12","008","002","Dennis Knill","DEM","President - Vice Pres","","","Y","0",""
"12","008","002","Matthew Lydick","REP","President - Vice Pres","","","Y","0",""
"12","008","002","Barbara A. Prokopich","REP","President - Vice Pres","","","Y","0",""
"12","008","002","Santa Claus","IND","President - Vice Pres","","","Y","0",""
"12","008","002","Richard Duncan","IND","President - Vice Pres","","","Y","0",""
"12","008","002","Bruce Mlynski","IND","President - Vice Pres","","","Y","0",""
"12","008","002","Kevin M. Thorne","IND","President - Vice Pres","","","Y","0",""
"12","008","002","James Clymer","CON","President - Vice Pres","","","Y","0",""
"12","008","002","Virgil Goode","CON","President - Vice Pres","","","Y","0",""
"12","008","002","Ross C. Rocky Anderson","OTH","President - Vice Pres","","","Y","0",""
"12","008","002","Andre Barnett","OTH","President - Vice Pres","","","Y","0",""
"12","008","002","Roseanne Barr","OTH","President - Vice Pres","","","Y","0",""
"12","008","002","Will Christensen","OTH","President - Vice Pres","","","Y","0",""
"12","008","002","Stephen Durham","OTH","President - Vice Pres","","","Y","0",""
"12","008","002","Merlin Miller","OTH","President - Vice Pres","","","Y","0",""
"12","008","002","Leon Leo Ray","OTH","President - Vice Pres","","","Y","0",""
"12","008","002","Michael David Boyles","UNF","President - Vice Pres","","","Y","0",""
"12","008","002","Theodis (Ted) Brown, Sr.","UNF","President - Vice Pres","","","Y","0",""
"12","008","002","Paul Chehade","UNF","President - Vice Pres","","","Y","0",""
"12","008","002","David M. Crosby","UNF","President - Vice Pres","","","Y","0",""
"12","008","002","Fred Donald Dickson, Jr.","UNF","President - Vice Pres","","","Y","0",""
"12","008","002","Robert William Dietz","UNF","President - Vice Pres","","","Y","0",""
"12","008","002","Dwight Kenneth French","UNF","President - Vice Pres","","","Y","0",""
"12","008","002","Darrell Hykes","UNF","President - Vice Pres","","","Y","0",""
"12","008","002","Nelson Keyton","UNF","President - Vice Pres","","","Y","0",""
"12","008","002","Dean Morstad","UNF","President - Vice Pres","","","Y","0",""
"12","008","002","Deonia Neveu","UNF","President - Vice Pres","","","Y","0",""
"12","008","002","Terrance James O'Hara","UNF","President - Vice Pres","","","Y","0",""
"12","008","002","Jill Reed","UNF","President - Vice Pres","","","Y","0",""
"12","008","002","Cecil James Roth","UNF","President - Vice Pres","","","Y","0",""
"12","008","002","Sheila Tittle","UNF","President - Vice Pres","","","Y","0",""
"12","008","002","Other Write-Ins","BOT","President - Vice Pres","","","Y","1",""
"12","008","002","Ben Cardin","DEM","U.S. Senator           ","","Y","","48",""
"12","008","002","Daniel John Bongino","REP","U.S. Senator           ","","","","220",""
"12","008","002","Dean Ahmad","LIB","U.S. Senator           ","","","","1",""
"12","008","002","S. Rob Sobhani","UNF","U.S. Senator           ","","","","7",""
"12","008","002","Lih Young","DEM","U.S. Senator           ","","","Y","0",""
"12","008","002","Mary Podlesak","REP","U.S. Senator           ","","","Y","0",""
"12","008","002","Brandy Baker","UNF","U.S. Senator           ","","","Y","0",""
"12","008","002","Ed Tinus","UNF","U.S. Senator           ","","","Y","0",""
"12","008","002","Other Write-Ins","BOT","U.S. Senator           ","","","Y","1",""
"12","008","002","John Delaney","DEM","U.S. Congress","06","Y","","62",""
"12","008","002","Roscoe G. Bartlett","REP","U.S. Congress","06","","","218",""
"12","008","002","Nickolaus Mueller","LIB","U.S. Congress","06","","","4",""
"12","008","002","Other Write-Ins","BOT","U.S. Congress","06","","Y","0",""
"12","008","002","Lynne A. Battaglia","BOT","Appellate Judge","03","Y","","172","59"
"12","008","002","Stuart R. Berger","BOT","Judge Spec Appeal at Lg","","Y","","169","55"
"12","008","002","Gary L. Barlow","NON","Board of Ed at Large","","","","92",""
"12","008","002","Cindy Downton","NON","Board of Ed at Large","","Y","","91",""
"12","008","002","Darlena M. Grady","NON","Board of Ed at Large","","","","111",""
"12","008","002","Charlotte Sebold","NON","Board of Ed at Large","","Y","","139",""
"12","008","002","Other Write-Ins","NON","Board of Ed at Large","","","Y","1",""
"12","009","000","Barack Obama","DEM","President - Vice Pres","","Y","","143",""
"12","009","000","Mitt Romney","REP","President - Vice Pres","","","","430",""
"12","009","000","Gary Johnson","LIB","President - Vice Pres","","","","6",""
"12","009","000","Jill Stein","GRN","President - Vice Pres","","","","8",""
"12","009","000","Tiffany Renee Briscoe","DEM","President - Vice Pres","","","Y","0",""
"12","009","000","Dennis Knill","DEM","President - Vice Pres","","","Y","0",""
"12","009","000","Matthew Lydick","REP","President - Vice Pres","","","Y","0",""
"12","009","000","Barbara A. Prokopich","REP","President - Vice Pres","","","Y","0",""
"12","009","000","Santa Claus","IND","President - Vice Pres","","","Y","0",""
"12","009","000","Richard Duncan","IND","President - Vice Pres","","","Y","0",""
"12","009","000","Bruce Mlynski","IND","President - Vice Pres","","","Y","0",""
"12","009","000","Kevin M. Thorne","IND","President - Vice Pres","","","Y","0",""
"12","009","000","James Clymer","CON","President - Vice Pres","","","Y","0",""
"12","009","000","Virgil Goode","CON","President - Vice Pres","","","Y","0",""
"12","009","000","Ross C. Rocky Anderson","OTH","President - Vice Pres","","","Y","0",""
"12","009","000","Andre Barnett","OTH","President - Vice Pres","","","Y","0",""
"12","009","000","Roseanne Barr","OTH","President - Vice Pres","","","Y","0",""
"12","009","000","Will Christensen","OTH","President - Vice Pres","","","Y","0",""
"12","009","000","Stephen Durham","OTH","President - Vice Pres","","","Y","0",""
"12","009","000","Merlin Miller","OTH","President - Vice Pres","","","Y","0",""
"12","009","000","Leon Leo Ray","OTH","President - Vice Pres","","","Y","0",""
"12","009","000","Michael David Boyles","UNF","President - Vice Pres","","","Y","0",""
"12","009","000","Theodis (Ted) Brown, Sr.","UNF","President - Vice Pres","","","Y","0",""
"12","009","000","Paul Chehade","UNF","President - Vice Pres","","","Y","0",""
"12","009","000","David M. Crosby","UNF","President - Vice Pres","","","Y","0",""
"12","009","000","Fred Donald Dickson, Jr.","UNF","President - Vice Pres","","","Y","0",""
"12","009","000","Robert William Dietz","UNF","President - Vice Pres","","","Y","0",""
"12","009","000","Dwight Kenneth French","UNF","President - Vice Pres","","","Y","0",""
"12","009","000","Darrell Hykes","UNF","President - Vice Pres","","","Y","0",""
"12","009","000","Nelson Keyton","UNF","President - Vice Pres","","","Y","0",""
"12","009","000","Dean Morstad","UNF","President - Vice Pres","","","Y","0",""
"12","009","000","Deonia Neveu","UNF","President - Vice Pres","","","Y","0",""
"12","009","000","Terrance James O'Hara","UNF","President - Vice Pres","","","Y","0",""
"12","009","000","Jill Reed","UNF","President - Vice Pres","","","Y","0",""
"12","009","000","Cecil James Roth","UNF","President - Vice Pres","","","Y","0",""
"12","009","000","Sheila Tittle","UNF","President - Vice Pres","","","Y","0",""
"12","009","000","Other Write-Ins","BOT","President - Vice Pres","","","Y","0",""
"12","009","000","Ben Cardin","DEM","U.S. Senator           ","","Y","","174",""
"12","009","000","Daniel John Bongino","REP","U.S. Senator           ","","","","337",""
"12","009","000","Dean Ahmad","LIB","U.S. Senator           ","","","","11",""
"12","009","000","S. Rob Sobhani","UNF","U.S. Senator           ","","","","41",""
"12","009","000","Lih Young","DEM","U.S. Senator           ","","","Y","0",""
"12","009","000","Mary Podlesak","REP","U.S. Senator           ","","","Y","0",""
"12","009","000","Brandy Baker","UNF","U.S. Senator           ","","","Y","0",""
"12","009","000","Ed Tinus","UNF","U.S. Senator           ","","","Y","0",""
"12","009","000","Other Write-Ins","BOT","U.S. Senator           ","","","Y","0",""
"12","009","000","John Delaney","DEM","U.S. Congress","06","Y","","216",""
"12","009","000","Roscoe G. Bartlett","REP","U.S. Congress","06","","","341",""
"12","009","000","Nickolaus Mueller","LIB","U.S. Congress","06","","","17",""
"12","009","000","Other Write-Ins","BOT","U.S. Congress","06","","Y","1",""
"12","009","000","Lynne A. Battaglia","BOT","Appellate Judge","03","Y","","379","79"
"12","009","000","Stuart R. Berger","BOT","Judge Spec Appeal at Lg","","Y","","376","74"
"12","009","000","Gary L. Barlow","NON","Board of Ed at Large","","","","150",""
"12","009","000","Cindy Downton","NON","Board of Ed at Large","","Y","","268",""
"12","009","000","Darlena M. Grady","NON","Board of Ed at Large","","","","93",""
"12","009","000","Charlotte Sebold","NON","Board of Ed at Large","","Y","","330",""
"12","009","000","Other Write-Ins","NON","Board of Ed at Large","","","Y","1",""
"12","010","000","Barack Obama","DEM","President - Vice Pres","","Y","","171",""
"12","010","000","Mitt Romney","REP","President - Vice Pres","","","","497",""
"12","010","000","Gary Johnson","LIB","President - Vice Pres","","","","11",""
"12","010","000","Jill Stein","GRN","President - Vice Pres","","","","3",""
"12","010","000","Tiffany Renee Briscoe","DEM","President - Vice Pres","","","Y","0",""
"12","010","000","Dennis Knill","DEM","President - Vice Pres","","","Y","0",""
"12","010","000","Matthew Lydick","REP","President - Vice Pres","","","Y","0",""
"12","010","000","Barbara A. Prokopich","REP","President - Vice Pres","","","Y","0",""
"12","010","000","Santa Claus","IND","President - Vice Pres","","","Y","0",""
"12","010","000","Richard Duncan","IND","President - Vice Pres","","","Y","0",""
"12","010","000","Bruce Mlynski","IND","President - Vice Pres","","","Y","0",""
"12","010","000","Kevin M. Thorne","IND","President - Vice Pres","","","Y","0",""
"12","010","000","James Clymer","CON","President - Vice Pres","","","Y","0",""
"12","010","000","Virgil Goode","CON","President - Vice Pres","","","Y","0",""
"12","010","000","Ross C. Rocky Anderson","OTH","President - Vice Pres","","","Y","0",""
"12","010","000","Andre Barnett","OTH","President - Vice Pres","","","Y","0",""
"12","010","000","Roseanne Barr","OTH","President - Vice Pres","","","Y","0",""
"12","010","000","Will Christensen","OTH","President - Vice Pres","","","Y","0",""
"12","010","000","Stephen Durham","OTH","President - Vice Pres","","","Y","0",""
"12","010","000","Merlin Miller","OTH","President - Vice Pres","","","Y","0",""
"12","010","000","Leon Leo Ray","OTH","President - Vice Pres","","","Y","0",""
"12","010","000","Michael David Boyles","UNF","President - Vice Pres","","","Y","0",""
"12","010","000","Theodis (Ted) Brown, Sr.","UNF","President - Vice Pres","","","Y","0",""
"12","010","000","Paul Chehade","UNF","President - Vice Pres","","","Y","0",""
"12","010","000","David M. Crosby","UNF","President - Vice Pres","","","Y","0",""
"12","010","000","Fred Donald Dickson, Jr.","UNF","President - Vice Pres","","","Y","0",""
"12","010","000","Robert William Dietz","UNF","President - Vice Pres","","","Y","0",""
"12","010","000","Dwight Kenneth French","UNF","President - Vice Pres","","","Y","0",""
"12","010","000","Darrell Hykes","UNF","President - Vice Pres","","","Y","0",""
"12","010","000","Nelson Keyton","UNF","President - Vice Pres","","","Y","0",""
"12","010","000","Dean Morstad","UNF","President - Vice Pres","","","Y","0",""
"12","010","000","Deonia Neveu","UNF","President - Vice Pres","","","Y","0",""
"12","010","000","Terrance James O'Hara","UNF","President - Vice Pres","","","Y","0",""
"12","010","000","Jill Reed","UNF","President - Vice Pres","","","Y","0",""
"12","010","000","Cecil James Roth","UNF","President - Vice Pres","","","Y","0",""
"12","010","000","Sheila Tittle","UNF","President - Vice Pres","","","Y","0",""
"12","010","000","Other Write-Ins","BOT","President - Vice Pres","","","Y","3",""
"12","010","000","Ben Cardin","DEM","U.S. Senator           ","","Y","","173",""
"12","010","000","Daniel John Bongino","REP","U.S. Senator           ","","","","434",""
"12","010","000","Dean Ahmad","LIB","U.S. Senator           ","","","","6",""
"12","010","000","S. Rob Sobhani","UNF","U.S. Senator           ","","","","27",""
"12","010","000","Lih Young","DEM","U.S. Senator           ","","","Y","0",""
"12","010","000","Mary Podlesak","REP","U.S. Senator           ","","","Y","0",""
"12","010","000","Brandy Baker","UNF","U.S. Senator           ","","","Y","0",""
"12","010","000","Ed Tinus","UNF","U.S. Senator           ","","","Y","0",""
"12","010","000","Other Write-Ins","BOT","U.S. Senator           ","","","Y","1",""
"12","010","000","John Delaney","DEM","U.S. Congress","06","Y","","214",""
"12","010","000","Roscoe G. Bartlett","REP","U.S. Congress","06","","","437",""
"12","010","000","Nickolaus Mueller","LIB","U.S. Congress","06","","","18",""
"12","010","000","Other Write-Ins","BOT","U.S. Congress","06","","Y","0",""
"12","010","000","Lynne A. Battaglia","BOT","Appellate Judge","03","Y","","427","116"
"12","010","000","Stuart R. Berger","BOT","Judge Spec Appeal at Lg","","Y","","426","113"
"12","010","000","Gary L. Barlow","NON","Board of Ed at Large","","","","220",""
"12","010","000","Cindy Downton","NON","Board of Ed at Large","","Y","","213",""
"12","010","000","Darlena M. Grady","NON","Board of Ed at Large","","","","217",""
"12","010","000","Charlotte Sebold","NON","Board of Ed at Large","","Y","","361",""
"12","010","000","Other Write-Ins","NON","Board of Ed at Large","","","Y","8",""
"12","011","000","Barack Obama","DEM","President - Vice Pres","","Y","","10",""
"12","011","000","Mitt Romney","REP","President - Vice Pres","","","","62",""
"12","011","000","Gary Johnson","LIB","President - Vice Pres","","","","0",""
"12","011","000","Jill Stein","GRN","President - Vice Pres","","","","0",""
"12","011","000","Tiffany Renee Briscoe","DEM","President - Vice Pres","","","Y","0",""
"12","011","000","Dennis Knill","DEM","President - Vice Pres","","","Y","0",""
"12","011","000","Matthew Lydick","REP","President - Vice Pres","","","Y","0",""
"12","011","000","Barbara A. Prokopich","REP","President - Vice Pres","","","Y","0",""
"12","011","000","Santa Claus","IND","President - Vice Pres","","","Y","0",""
"12","011","000","Richard Duncan","IND","President - Vice Pres","","","Y","0",""
"12","011","000","Bruce Mlynski","IND","President - Vice Pres","","","Y","0",""
"12","011","000","Kevin M. Thorne","IND","President - Vice Pres","","","Y","0",""
"12","011","000","James Clymer","CON","President - Vice Pres","","","Y","0",""
"12","011","000","Virgil Goode","CON","President - Vice Pres","","","Y","0",""
"12","011","000","Ross C. Rocky Anderson","OTH","President - Vice Pres","","","Y","0",""
"12","011","000","Andre Barnett","OTH","President - Vice Pres","","","Y","0",""
"12","011","000","Roseanne Barr","OTH","President - Vice Pres","","","Y","0",""
"12","011","000","Will Christensen","OTH","President - Vice Pres","","","Y","0",""
"12","011","000","Stephen Durham","OTH","President - Vice Pres","","","Y","0",""
"12","011","000","Merlin Miller","OTH","President - Vice Pres","","","Y","0",""
"12","011","000","Leon Leo Ray","OTH","President - Vice Pres","","","Y","0",""
"12","011","000","Michael David Boyles","UNF","President - Vice Pres","","","Y","0",""
"12","011","000","Theodis (Ted) Brown, Sr.","UNF","President - Vice Pres","","","Y","0",""
"12","011","000","Paul Chehade","UNF","President - Vice Pres","","","Y","0",""
"12","011","000","David M. Crosby","UNF","President - Vice Pres","","","Y","0",""
"12","011","000","Fred Donald Dickson, Jr.","UNF","President - Vice Pres","","","Y","0",""
"12","011","000","Robert William Dietz","UNF","President - Vice Pres","","","Y","0",""
"12","011","000","Dwight Kenneth French","UNF","President - Vice Pres","","","Y","0",""
"12","011","000","Darrell Hykes","UNF","President - Vice Pres","","","Y","0",""
"12","011","000","Nelson Keyton","UNF","President - Vice Pres","","","Y","0",""
"12","011","000","Dean Morstad","UNF","President - Vice Pres","","","Y","0",""
"12","011","000","Deonia Neveu","UNF","President - Vice Pres","","","Y","0",""
"12","011","000","Terrance James O'Hara","UNF","President - Vice Pres","","","Y","0",""
"12","011","000","Jill Reed","UNF","President - Vice Pres","","","Y","0",""
"12","011","000","Cecil James Roth","UNF","President - Vice Pres","","","Y","0",""
"12","011","000","Sheila Tittle","UNF","President - Vice Pres","","","Y","0",""
"12","011","000","Other Write-Ins","BOT","President - Vice Pres","","","Y","0",""
"12","011","000","Ben Cardin","DEM","U.S. Senator           ","","Y","","9",""
"12","011","000","Daniel John Bongino","REP","U.S. Senator           ","","","","52",""
"12","011","000","Dean Ahmad","LIB","U.S. Senator           ","","","","0",""
"12","011","000","S. Rob Sobhani","UNF","U.S. Senator           ","","","","6",""
"12","011","000","Lih Young","DEM","U.S. Senator           ","","","Y","0",""
"12","011","000","Mary Podlesak","REP","U.S. Senator           ","","","Y","0",""
"12","011","000","Brandy Baker","UNF","U.S. Senator           ","","","Y","0",""
"12","011","000","Ed Tinus","UNF","U.S. Senator           ","","","Y","0",""
"12","011","000","Other Write-Ins","BOT","U.S. Senator           ","","","Y","0",""
"12","011","000","John Delaney","DEM","U.S. Congress","06","Y","","16",""
"12","011","000","Roscoe G. Bartlett","REP","U.S. Congress","06","","","55",""
"12","011","000","Nickolaus Mueller","LIB","U.S. Congress","06","","","0",""
"12","011","000","Other Write-Ins","BOT","U.S. Congress","06","","Y","0",""
"12","011","000","Lynne A. Battaglia","BOT","Appellate Judge","03","Y","","45","6"
"12","011","000","Stuart R. Berger","BOT","Judge Spec Appeal at Lg","","Y","","42","7"
"12","011","000","Gary L. Barlow","NON","Board of Ed at Large","","","","26",""
"12","011","000","Cindy Downton","NON","Board of Ed at Large","","Y","","17",""
"12","011","000","Darlena M. Grady","NON","Board of Ed at Large","","","","21",""
"12","011","000","Charlotte Sebold","NON","Board of Ed at Large","","Y","","33",""
"12","011","000","Other Write-Ins","NON","Board of Ed at Large","","","Y","0",""
"12","012","000","Barack Obama","DEM","President - Vice Pres","","Y","","54",""
"12","012","000","Mitt Romney","REP","President - Vice Pres","","","","295",""
"12","012","000","Gary Johnson","LIB","President - Vice Pres","","","","4",""
"12","012","000","Jill Stein","GRN","President - Vice Pres","","","","3",""
"12","012","000","Tiffany Renee Briscoe","DEM","President - Vice Pres","","","Y","0",""
"12","012","000","Dennis Knill","DEM","President - Vice Pres","","","Y","0",""
"12","012","000","Matthew Lydick","REP","President - Vice Pres","","","Y","0",""
"12","012","000","Barbara A. Prokopich","REP","President - Vice Pres","","","Y","0",""
"12","012","000","Santa Claus","IND","President - Vice Pres","","","Y","0",""
"12","012","000","Richard Duncan","IND","President - Vice Pres","","","Y","0",""
"12","012","000","Bruce Mlynski","IND","President - Vice Pres","","","Y","0",""
"12","012","000","Kevin M. Thorne","IND","President - Vice Pres","","","Y","0",""
"12","012","000","James Clymer","CON","President - Vice Pres","","","Y","0",""
"12","012","000","Virgil Goode","CON","President - Vice Pres","","","Y","0",""
"12","012","000","Ross C. Rocky Anderson","OTH","President - Vice Pres","","","Y","0",""
"12","012","000","Andre Barnett","OTH","President - Vice Pres","","","Y","0",""
"12","012","000","Roseanne Barr","OTH","President - Vice Pres","","","Y","0",""
"12","012","000","Will Christensen","OTH","President - Vice Pres","","","Y","0",""
"12","012","000","Stephen Durham","OTH","President - Vice Pres","","","Y","0",""
"12","012","000","Merlin Miller","OTH","President - Vice Pres","","","Y","0",""
"12","012","000","Leon Leo Ray","OTH","President - Vice Pres","","","Y","0",""
"12","012","000","Michael David Boyles","UNF","President - Vice Pres","","","Y","0",""
"12","012","000","Theodis (Ted) Brown, Sr.","UNF","President - Vice Pres","","","Y","0",""
"12","012","000","Paul Chehade","UNF","President - Vice Pres","","","Y","0",""
"12","012","000","David M. Crosby","UNF","President - Vice Pres","","","Y","0",""
"12","012","000","Fred Donald Dickson, Jr.","UNF","President - Vice Pres","","","Y","0",""
"12","012","000","Robert William Dietz","UNF","President - Vice Pres","","","Y","0",""
"12","012","000","Dwight Kenneth French","UNF","President - Vice Pres","","","Y","0",""
"12","012","000","Darrell Hykes","UNF","President - Vice Pres","","","Y","0",""
"12","012","000","Nelson Keyton","UNF","President - Vice Pres","","","Y","0",""
"12","012","000","Dean Morstad","UNF","President - Vice Pres","","","Y","0",""
"12","012","000","Deonia Neveu","UNF","President - Vice Pres","","","Y","0",""
"12","012","000","Terrance James O'Hara","UNF","President - Vice Pres","","","Y","0",""
"12","012","000","Jill Reed","UNF","President - Vice Pres","","","Y","0",""
"12","012","000","Cecil James Roth","UNF","President - Vice Pres","","","Y","0",""
"12","012","000","Sheila Tittle","UNF","President - Vice Pres","","","Y","0",""
"12","012","000","Other Write-Ins","BOT","President - Vice Pres","","","Y","1",""
"12","012","000","Ben Cardin","DEM","U.S. Senator           ","","Y","","74",""
"12","012","000","Daniel John Bongino","REP","U.S. Senator           ","","","","253",""
"12","012","000","Dean Ahmad","LIB","U.S. Senator           ","","","","1",""
"12","012","000","S. Rob Sobhani","UNF","U.S. Senator           ","","","","16",""
"12","012","000","Lih Young","DEM","U.S. Senator           ","","","Y","0",""
"12","012","000","Mary Podlesak","REP","U.S. Senator           ","","","Y","0",""
"12","012","000","Brandy Baker","UNF","U.S. Senator           ","","","Y","0",""
"12","012","000","Ed Tinus","UNF","U.S. Senator           ","","","Y","0",""
"12","012","000","Other Write-Ins","BOT","U.S. Senator           ","","","Y","0",""
"12","012","000","John Delaney","DEM","U.S. Congress","06","Y","","76",""
"12","012","000","Roscoe G. Bartlett","REP","U.S. Congress","06","","","268",""
"12","012","000","Nickolaus Mueller","LIB","U.S. Congress","06","","","9",""
"12","012","000","Other Write-Ins","BOT","U.S. Congress","06","","Y","0",""
"12","012","000","Lynne A. Battaglia","BOT","Appellate Judge","03","Y","","207","51"
"12","012","000","Stuart R. Berger","BOT","Judge Spec Appeal at Lg","","Y","","208","47"
"12","012","000","Gary L. Barlow","NON","Board of Ed at Large","","","","97",""
"12","012","000","Cindy Downton","NON","Board of Ed at Large","","Y","","177",""
"12","012","000","Darlena M. Grady","NON","Board of Ed at Large","","","","80",""
"12","012","000","Charlotte Sebold","NON","Board of Ed at Large","","Y","","197",""
"12","012","000","Other Write-Ins","NON","Board of Ed at Large","","","Y","4",""
"12","013","000","Barack Obama","DEM","President - Vice Pres","","Y","","73",""
"12","013","000","Mitt Romney","REP","President - Vice Pres","","","","172",""
"12","013","000","Gary Johnson","LIB","President - Vice Pres","","","","6",""
"12","013","000","Jill Stein","GRN","President - Vice Pres","","","","0",""
"12","013","000","Tiffany Renee Briscoe","DEM","President - Vice Pres","","","Y","0",""
"12","013","000","Dennis Knill","DEM","President - Vice Pres","","","Y","0",""
"12","013","000","Matthew Lydick","REP","President - Vice Pres","","","Y","0",""
"12","013","000","Barbara A. Prokopich","REP","President - Vice Pres","","","Y","0",""
"12","013","000","Santa Claus","IND","President - Vice Pres","","","Y","0",""
"12","013","000","Richard Duncan","IND","President - Vice Pres","","","Y","0",""
"12","013","000","Bruce Mlynski","IND","President - Vice Pres","","","Y","0",""
"12","013","000","Kevin M. Thorne","IND","President - Vice Pres","","","Y","0",""
"12","013","000","James Clymer","CON","President - Vice Pres","","","Y","0",""
"12","013","000","Virgil Goode","CON","President - Vice Pres","","","Y","0",""
"12","013","000","Ross C. Rocky Anderson","OTH","President - Vice Pres","","","Y","0",""
"12","013","000","Andre Barnett","OTH","President - Vice Pres","","","Y","0",""
"12","013","000","Roseanne Barr","OTH","President - Vice Pres","","","Y","0",""
"12","013","000","Will Christensen","OTH","President - Vice Pres","","","Y","0",""
"12","013","000","Stephen Durham","OTH","President - Vice Pres","","","Y","0",""
"12","013","000","Merlin Miller","OTH","President - Vice Pres","","","Y","0",""
"12","013","000","Leon Leo Ray","OTH","President - Vice Pres","","","Y","0",""
"12","013","000","Michael David Boyles","UNF","President - Vice Pres","","","Y","0",""
"12","013","000","Theodis (Ted) Brown, Sr.","UNF","President - Vice Pres","","","Y","0",""
"12","013","000","Paul Chehade","UNF","President - Vice Pres","","","Y","0",""
"12","013","000","David M. Crosby","UNF","President - Vice Pres","","","Y","0",""
"12","013","000","Fred Donald Dickson, Jr.","UNF","President - Vice Pres","","","Y","0",""
"12","013","000","Robert William Dietz","UNF","President - Vice Pres","","","Y","0",""
"12","013","000","Dwight Kenneth French","UNF","President - Vice Pres","","","Y","0",""
"12","013","000","Darrell Hykes","UNF","President - Vice Pres","","","Y","0",""
"12","013","000","Nelson Keyton","UNF","President - Vice Pres","","","Y","0",""
"12","013","000","Dean Morstad","UNF","President - Vice Pres","","","Y","0",""
"12","013","000","Deonia Neveu","UNF","President - Vice Pres","","","Y","0",""
"12","013","000","Terrance James O'Hara","UNF","President - Vice Pres","","","Y","0",""
"12","013","000","Jill Reed","UNF","President - Vice Pres","","","Y","0",""
"12","013","000","Cecil James Roth","UNF","President - Vice Pres","","","Y","0",""
"12","013","000","Sheila Tittle","UNF","President - Vice Pres","","","Y","0",""
"12","013","000","Other Write-Ins","BOT","President - Vice Pres","","","Y","1",""
"12","013","000","Ben Cardin","DEM","U.S. Senator           ","","Y","","88",""
"12","013","000","Daniel John Bongino","REP","U.S. Senator           ","","","","121",""
"12","013","000","Dean Ahmad","LIB","U.S. Senator           ","","","","4",""
"12","013","000","S. Rob Sobhani","UNF","U.S. Senator           ","","","","14",""
"12","013","000","Lih Young","DEM","U.S. Senator           ","","","Y","0",""
"12","013","000","Mary Podlesak","REP","U.S. Senator           ","","","Y","0",""
"12","013","000","Brandy Baker","UNF","U.S. Senator           ","","","Y","0",""
"12","013","000","Ed Tinus","UNF","U.S. Senator           ","","","Y","0",""
"12","013","000","Other Write-Ins","BOT","U.S. Senator           ","","","Y","0",""
"12","013","000","John Delaney","DEM","U.S. Congress","06","Y","","115",""
"12","013","000","Roscoe G. Bartlett","REP","U.S. Congress","06","","","121",""
"12","013","000","Nickolaus Mueller","LIB","U.S. Congress","06","","","10",""
"12","013","000","Other Write-Ins","BOT","U.S. Congress","06","","Y","0",""
"12","013","000","Lynne A. Battaglia","BOT","Appellate Judge","03","Y","","167","38"
"12","013","000","Stuart R. Berger","BOT","Judge Spec Appeal at Lg","","Y","","171","35"
"12","013","000","Gary L. Barlow","NON","Board of Ed at Large","","","","110",""
"12","013","000","Cindy Downton","NON","Board of Ed at Large","","Y","","61",""
"12","013","000","Darlena M. Grady","NON","Board of Ed at Large","","","","104",""
"12","013","000","Charlotte Sebold","NON","Board of Ed at Large","","Y","","114",""
"12","013","000","Other Write-Ins","NON","Board of Ed at Large","","","Y","5",""
"12","014","001","Barack Obama","DEM","President - Vice Pres","","Y","","224",""
"12","014","001","Mitt Romney","REP","President - Vice Pres","","","","756",""
"12","014","001","Gary Johnson","LIB","President - Vice Pres","","","","16",""
"12","014","001","Jill Stein","GRN","President - Vice Pres","","","","4",""
"12","014","001","Tiffany Renee Briscoe","DEM","President - Vice Pres","","","Y","0",""
"12","014","001","Dennis Knill","DEM","President - Vice Pres","","","Y","0",""
"12","014","001","Matthew Lydick","REP","President - Vice Pres","","","Y","0",""
"12","014","001","Barbara A. Prokopich","REP","President - Vice Pres","","","Y","0",""
"12","014","001","Santa Claus","IND","President - Vice Pres","","","Y","1",""
"12","014","001","Richard Duncan","IND","President - Vice Pres","","","Y","0",""
"12","014","001","Bruce Mlynski","IND","President - Vice Pres","","","Y","0",""
"12","014","001","Kevin M. Thorne","IND","President - Vice Pres","","","Y","0",""
"12","014","001","James Clymer","CON","President - Vice Pres","","","Y","0",""
"12","014","001","Virgil Goode","CON","President - Vice Pres","","","Y","1",""
"12","014","001","Ross C. Rocky Anderson","OTH","President - Vice Pres","","","Y","0",""
"12","014","001","Andre Barnett","OTH","President - Vice Pres","","","Y","0",""
"12","014","001","Roseanne Barr","OTH","President - Vice Pres","","","Y","0",""
"12","014","001","Will Christensen","OTH","President - Vice Pres","","","Y","0",""
"12","014","001","Stephen Durham","OTH","President - Vice Pres","","","Y","0",""
"12","014","001","Merlin Miller","OTH","President - Vice Pres","","","Y","0",""
"12","014","001","Leon Leo Ray","OTH","President - Vice Pres","","","Y","0",""
"12","014","001","Michael David Boyles","UNF","President - Vice Pres","","","Y","0",""
"12","014","001","Theodis (Ted) Brown, Sr.","UNF","President - Vice Pres","","","Y","0",""
"12","014","001","Paul Chehade","UNF","President - Vice Pres","","","Y","0",""
"12","014","001","David M. Crosby","UNF","President - Vice Pres","","","Y","0",""
"12","014","001","Fred Donald Dickson, Jr.","UNF","President - Vice Pres","","","Y","0",""
"12","014","001","Robert William Dietz","UNF","President - Vice Pres","","","Y","0",""
"12","014","001","Dwight Kenneth French","UNF","President - Vice Pres","","","Y","0",""
"12","014","001","Darrell Hykes","UNF","President - Vice Pres","","","Y","0",""
"12","014","001","Nelson Keyton","UNF","President - Vice Pres","","","Y","0",""
"12","014","001","Dean Morstad","UNF","President - Vice Pres","","","Y","0",""
"12","014","001","Deonia Neveu","UNF","President - Vice Pres","","","Y","0",""
"12","014","001","Terrance James O'Hara","UNF","President - Vice Pres","","","Y","0",""
"12","014","001","Jill Reed","UNF","President - Vice Pres","","","Y","0",""
"12","014","001","Cecil James Roth","UNF","President - Vice Pres","","","Y","0",""
"12","014","001","Sheila Tittle","UNF","President - Vice Pres","","","Y","0",""
"12","014","001","Other Write-Ins","BOT","President - Vice Pres","","","Y","5",""
"12","014","001","Ben Cardin","DEM","U.S. Senator           ","","Y","","247",""
"12","014","001","Daniel John Bongino","REP","U.S. Senator           ","","","","631",""
"12","014","001","Dean Ahmad","LIB","U.S. Senator           ","","","","9",""
"12","014","001","S. Rob Sobhani","UNF","U.S. Senator           ","","","","36",""
"12","014","001","Lih Young","DEM","U.S. Senator           ","","","Y","0",""
"12","014","001","Mary Podlesak","REP","U.S. Senator           ","","","Y","0",""
"12","014","001","Brandy Baker","UNF","U.S. Senator           ","","","Y","0",""
"12","014","001","Ed Tinus","UNF","U.S. Senator           ","","","Y","0",""
"12","014","001","Other Write-Ins","BOT","U.S. Senator           ","","","Y","0",""
"12","014","001","John Delaney","DEM","U.S. Congress","06","Y","","283",""
"12","014","001","Roscoe G. Bartlett","REP","U.S. Congress","06","","","651",""
"12","014","001","Nickolaus Mueller","LIB","U.S. Congress","06","","","31",""
"12","014","001","Other Write-Ins","BOT","U.S. Congress","06","","Y","0",""
"12","014","001","Lynne A. Battaglia","BOT","Appellate Judge","03","Y","","578","148"
"12","014","001","Stuart R. Berger","BOT","Judge Spec Appeal at Lg","","Y","","581","143"
"12","014","001","Gary L. Barlow","NON","Board of Ed at Large","","","","314",""
"12","014","001","Cindy Downton","NON","Board of Ed at Large","","Y","","316",""
"12","014","001","Darlena M. Grady","NON","Board of Ed at Large","","","","359",""
"12","014","001","Charlotte Sebold","NON","Board of Ed at Large","","Y","","449",""
"12","014","001","Other Write-Ins","NON","Board of Ed at Large","","","Y","5",""
"12","014","002","Barack Obama","DEM","President - Vice Pres","","Y","","92",""
"12","014","002","Mitt Romney","REP","President - Vice Pres","","","","385",""
"12","014","002","Gary Johnson","LIB","President - Vice Pres","","","","2",""
"12","014","002","Jill Stein","GRN","President - Vice Pres","","","","3",""
"12","014","002","Tiffany Renee Briscoe","DEM","President - Vice Pres","","","Y","0",""
"12","014","002","Dennis Knill","DEM","President - Vice Pres","","","Y","0",""
"12","014","002","Matthew Lydick","REP","President - Vice Pres","","","Y","0",""
"12","014","002","Barbara A. Prokopich","REP","President - Vice Pres","","","Y","0",""
"12","014","002","Santa Claus","IND","President - Vice Pres","","","Y","0",""
"12","014","002","Richard Duncan","IND","President - Vice Pres","","","Y","0",""
"12","014","002","Bruce Mlynski","IND","President - Vice Pres","","","Y","0",""
"12","014","002","Kevin M. Thorne","IND","President - Vice Pres","","","Y","0",""
"12","014","002","James Clymer","CON","President - Vice Pres","","","Y","0",""
"12","014","002","Virgil Goode","CON","President - Vice Pres","","","Y","0",""
"12","014","002","Ross C. Rocky Anderson","OTH","President - Vice Pres","","","Y","0",""
"12","014","002","Andre Barnett","OTH","President - Vice Pres","","","Y","0",""
"12","014","002","Roseanne Barr","OTH","President - Vice Pres","","","Y","0",""
"12","014","002","Will Christensen","OTH","President - Vice Pres","","","Y","0",""
"12","014","002","Stephen Durham","OTH","President - Vice Pres","","","Y","0",""
"12","014","002","Merlin Miller","OTH","President - Vice Pres","","","Y","0",""
"12","014","002","Leon Leo Ray","OTH","President - Vice Pres","","","Y","0",""
"12","014","002","Michael David Boyles","UNF","President - Vice Pres","","","Y","0",""
"12","014","002","Theodis (Ted) Brown, Sr.","UNF","President - Vice Pres","","","Y","0",""
"12","014","002","Paul Chehade","UNF","President - Vice Pres","","","Y","0",""
"12","014","002","David M. Crosby","UNF","President - Vice Pres","","","Y","0",""
"12","014","002","Fred Donald Dickson, Jr.","UNF","President - Vice Pres","","","Y","0",""
"12","014","002","Robert William Dietz","UNF","President - Vice Pres","","","Y","0",""
"12","014","002","Dwight Kenneth French","UNF","President - Vice Pres","","","Y","0",""
"12","014","002","Darrell Hykes","UNF","President - Vice Pres","","","Y","0",""
"12","014","002","Nelson Keyton","UNF","President - Vice Pres","","","Y","0",""
"12","014","002","Dean Morstad","UNF","President - Vice Pres","","","Y","0",""
"12","014","002","Deonia Neveu","UNF","President - Vice Pres","","","Y","0",""
"12","014","002","Terrance James O'Hara","UNF","President - Vice Pres","","","Y","0",""
"12","014","002","Jill Reed","UNF","President - Vice Pres","","","Y","0",""
"12","014","002","Cecil James Roth","UNF","President - Vice Pres","","","Y","0",""
"12","014","002","Sheila Tittle","UNF","President - Vice Pres","","","Y","0",""
"12","014","002","Other Write-Ins","BOT","President - Vice Pres","","","Y","0",""
"12","014","002","Ben Cardin","DEM","U.S. Senator           ","","Y","","85",""
"12","014","002","Daniel John Bongino","REP","U.S. Senator           ","","","","352",""
"12","014","002","Dean Ahmad","LIB","U.S. Senator           ","","","","5",""
"12","014","002","S. Rob Sobhani","UNF","U.S. Senator           ","","","","12",""
"12","014","002","Lih Young","DEM","U.S. Senator           ","","","Y","0",""
"12","014","002","Mary Podlesak","REP","U.S. Senator           ","","","Y","0",""
"12","014","002","Brandy Baker","UNF","U.S. Senator           ","","","Y","0",""
"12","014","002","Ed Tinus","UNF","U.S. Senator           ","","","Y","0",""
"12","014","002","Other Write-Ins","BOT","U.S. Senator           ","","","Y","0",""
"12","014","002","John Delaney","DEM","U.S. Congress","06","Y","","114",""
"12","014","002","Roscoe G. Bartlett","REP","U.S. Congress","06","","","337",""
"12","014","002","Nickolaus Mueller","LIB","U.S. Congress","06","","","15",""
"12","014","002","Other Write-Ins","BOT","U.S. Congress","06","","Y","0",""
"12","014","002","Lynne A. Battaglia","BOT","Appellate Judge","03","Y","","285","104"
"12","014","002","Stuart R. Berger","BOT","Judge Spec Appeal at Lg","","Y","","288","92"
"12","014","002","Gary L. Barlow","NON","Board of Ed at Large","","","","171",""
"12","014","002","Cindy Downton","NON","Board of Ed at Large","","Y","","161",""
"12","014","002","Darlena M. Grady","NON","Board of Ed at Large","","","","164",""
"12","014","002","Charlotte Sebold","NON","Board of Ed at Large","","Y","","241",""
"12","014","002","Other Write-Ins","NON","Board of Ed at Large","","","Y","0",""
"12","015","000","Barack Obama","DEM","President - Vice Pres","","Y","","62",""
"12","015","000","Mitt Romney","REP","President - Vice Pres","","","","188",""
"12","015","000","Gary Johnson","LIB","President - Vice Pres","","","","5",""
"12","015","000","Jill Stein","GRN","President - Vice Pres","","","","7",""
"12","015","000","Tiffany Renee Briscoe","DEM","President - Vice Pres","","","Y","0",""
"12","015","000","Dennis Knill","DEM","President - Vice Pres","","","Y","0",""
"12","015","000","Matthew Lydick","REP","President - Vice Pres","","","Y","0",""
"12","015","000","Barbara A. Prokopich","REP","President - Vice Pres","","","Y","0",""
"12","015","000","Santa Claus","IND","President - Vice Pres","","","Y","0",""
"12","015","000","Richard Duncan","IND","President - Vice Pres","","","Y","0",""
"12","015","000","Bruce Mlynski","IND","President - Vice Pres","","","Y","0",""
"12","015","000","Kevin M. Thorne","IND","President - Vice Pres","","","Y","0",""
"12","015","000","James Clymer","CON","President - Vice Pres","","","Y","0",""
"12","015","000","Virgil Goode","CON","President - Vice Pres","","","Y","0",""
"12","015","000","Ross C. Rocky Anderson","OTH","President - Vice Pres","","","Y","0",""
"12","015","000","Andre Barnett","OTH","President - Vice Pres","","","Y","0",""
"12","015","000","Roseanne Barr","OTH","President - Vice Pres","","","Y","0",""
"12","015","000","Will Christensen","OTH","President - Vice Pres","","","Y","0",""
"12","015","000","Stephen Durham","OTH","President - Vice Pres","","","Y","0",""
"12","015","000","Merlin Miller","OTH","President - Vice Pres","","","Y","0",""
"12","015","000","Leon Leo Ray","OTH","President - Vice Pres","","","Y","0",""
"12","015","000","Michael David Boyles","UNF","President - Vice Pres","","","Y","0",""
"12","015","000","Theodis (Ted) Brown, Sr.","UNF","President - Vice Pres","","","Y","0",""
"12","015","000","Paul Chehade","UNF","President - Vice Pres","","","Y","0",""
"12","015","000","David M. Crosby","UNF","President - Vice Pres","","","Y","0",""
"12","015","000","Fred Donald Dickson, Jr.","UNF","President - Vice Pres","","","Y","0",""
"12","015","000","Robert William Dietz","UNF","President - Vice Pres","","","Y","0",""
"12","015","000","Dwight Kenneth French","UNF","President - Vice Pres","","","Y","0",""
"12","015","000","Darrell Hykes","UNF","President - Vice Pres","","","Y","0",""
"12","015","000","Nelson Keyton","UNF","President - Vice Pres","","","Y","0",""
"12","015","000","Dean Morstad","UNF","President - Vice Pres","","","Y","0",""
"12","015","000","Deonia Neveu","UNF","President - Vice Pres","","","Y","0",""
"12","015","000","Terrance James O'Hara","UNF","President - Vice Pres","","","Y","0",""
"12","015","000","Jill Reed","UNF","President - Vice Pres","","","Y","0",""
"12","015","000","Cecil James Roth","UNF","President - Vice Pres","","","Y","0",""
"12","015","000","Sheila Tittle","UNF","President - Vice Pres","","","Y","0",""
"12","015","000","Other Write-Ins","BOT","President - Vice Pres","","","Y","1",""
"12","015","000","Ben Cardin","DEM","U.S. Senator           ","","Y","","72",""
"12","015","000","Daniel John Bongino","REP","U.S. Senator           ","","","","152",""
"12","015","000","Dean Ahmad","LIB","U.S. Senator           ","","","","6",""
"12","015","000","S. Rob Sobhani","UNF","U.S. Senator           ","","","","13",""
"12","015","000","Lih Young","DEM","U.S. Senator           ","","","Y","0",""
"12","015","000","Mary Podlesak","REP","U.S. Senator           ","","","Y","0",""
"12","015","000","Brandy Baker","UNF","U.S. Senator           ","","","Y","0",""
"12","015","000","Ed Tinus","UNF","U.S. Senator           ","","","Y","0",""
"12","015","000","Other Write-Ins","BOT","U.S. Senator           ","","","Y","0",""
"12","015","000","John Delaney","DEM","U.S. Congress","06","Y","","83",""
"12","015","000","Roscoe G. Bartlett","REP","U.S. Congress","06","","","157",""
"12","015","000","Nickolaus Mueller","LIB","U.S. Congress","06","","","9",""
"12","015","000","Other Write-Ins","BOT","U.S. Congress","06","","Y","2",""
"12","015","000","Lynne A. Battaglia","BOT","Appellate Judge","03","Y","","152","38"
"12","015","000","Stuart R. Berger","BOT","Judge Spec Appeal at Lg","","Y","","153","33"
"12","015","000","Gary L. Barlow","NON","Board of Ed at Large","","","","81",""
"12","015","000","Cindy Downton","NON","Board of Ed at Large","","Y","","129",""
"12","015","000","Darlena M. Grady","NON","Board of Ed at Large","","","","38",""
"12","015","000","Charlotte Sebold","NON","Board of Ed at Large","","Y","","126",""
"12","015","000","Other Write-Ins","NON","Board of Ed at Large","","","Y","1",""
"12","016","000","Barack Obama","DEM","President - Vice Pres","","Y","","230",""
"12","016","000","Mitt Romney","REP","President - Vice Pres","","","","756",""
"12","016","000","Gary Johnson","LIB","President - Vice Pres","","","","19",""
"12","016","000","Jill Stein","GRN","President - Vice Pres","","","","13",""
"12","016","000","Tiffany Renee Briscoe","DEM","President - Vice Pres","","","Y","0",""
"12","016","000","Dennis Knill","DEM","President - Vice Pres","","","Y","0",""
"12","016","000","Matthew Lydick","REP","President - Vice Pres","","","Y","0",""
"12","016","000","Barbara A. Prokopich","REP","President - Vice Pres","","","Y","0",""
"12","016","000","Santa Claus","IND","President - Vice Pres","","","Y","0",""
"12","016","000","Richard Duncan","IND","President - Vice Pres","","","Y","0",""
"12","016","000","Bruce Mlynski","IND","President - Vice Pres","","","Y","0",""
"12","016","000","Kevin M. Thorne","IND","President - Vice Pres","","","Y","0",""
"12","016","000","James Clymer","CON","President - Vice Pres","","","Y","0",""
"12","016","000","Virgil Goode","CON","President - Vice Pres","","","Y","1",""
"12","016","000","Ross C. Rocky Anderson","OTH","President - Vice Pres","","","Y","0",""
"12","016","000","Andre Barnett","OTH","President - Vice Pres","","","Y","0",""
"12","016","000","Roseanne Barr","OTH","President - Vice Pres","","","Y","0",""
"12","016","000","Will Christensen","OTH","President - Vice Pres","","","Y","0",""
"12","016","000","Stephen Durham","OTH","President - Vice Pres","","","Y","0",""
"12","016","000","Merlin Miller","OTH","President - Vice Pres","","","Y","0",""
"12","016","000","Leon Leo Ray","OTH","President - Vice Pres","","","Y","0",""
"12","016","000","Michael David Boyles","UNF","President - Vice Pres","","","Y","0",""
"12","016","000","Theodis (Ted) Brown, Sr.","UNF","President - Vice Pres","","","Y","0",""
"12","016","000","Paul Chehade","UNF","President - Vice Pres","","","Y","0",""
"12","016","000","David M. Crosby","UNF","President - Vice Pres","","","Y","0",""
"12","016","000","Fred Donald Dickson, Jr.","UNF","President - Vice Pres","","","Y","0",""
"12","016","000","Robert William Dietz","UNF","President - Vice Pres","","","Y","0",""
"12","016","000","Dwight Kenneth French","UNF","President - Vice Pres","","","Y","0",""
"12","016","000","Darrell Hykes","UNF","President - Vice Pres","","","Y","0",""
"12","016","000","Nelson Keyton","UNF","President - Vice Pres","","","Y","0",""
"12","016","000","Dean Morstad","UNF","President - Vice Pres","","","Y","0",""
"12","016","000","Deonia Neveu","UNF","President - Vice Pres","","","Y","0",""
"12","016","000","Terrance James O'Hara","UNF","President - Vice Pres","","","Y","0",""
"12","016","000","Jill Reed","UNF","President - Vice Pres","","","Y","0",""
"12","016","000","Cecil James Roth","UNF","President - Vice Pres","","","Y","0",""
"12","016","000","Sheila Tittle","UNF","President - Vice Pres","","","Y","0",""
"12","016","000","Other Write-Ins","BOT","President - Vice Pres","","","Y","4",""
"12","016","000","Ben Cardin","DEM","U.S. Senator           ","","Y","","257",""
"12","016","000","Daniel John Bongino","REP","U.S. Senator           ","","","","639",""
"12","016","000","Dean Ahmad","LIB","U.S. Senator           ","","","","19",""
"12","016","000","S. Rob Sobhani","UNF","U.S. Senator           ","","","","44",""
"12","016","000","Lih Young","DEM","U.S. Senator           ","","","Y","0",""
"12","016","000","Mary Podlesak","REP","U.S. Senator           ","","","Y","0",""
"12","016","000","Brandy Baker","UNF","U.S. Senator           ","","","Y","0",""
"12","016","000","Ed Tinus","UNF","U.S. Senator           ","","","Y","0",""
"12","016","000","Other Write-Ins","BOT","U.S. Senator           ","","","Y","1",""
"12","016","000","John Delaney","DEM","U.S. Congress","06","Y","","304",""
"12","016","000","Roscoe G. Bartlett","REP","U.S. Congress","06","","","639",""
"12","016","000","Nickolaus Mueller","LIB","U.S. Congress","06","","","43",""
"12","016","000","Other Write-Ins","BOT","U.S. Congress","06","","Y","1",""
"12","016","000","Lynne A. Battaglia","BOT","Appellate Judge","03","Y","","663","165"
"12","016","000","Stuart R. Berger","BOT","Judge Spec Appeal at Lg","","Y","","654","164"
"12","016","000","Gary L. Barlow","NON","Board of Ed at Large","","","","334",""
"12","016","000","Cindy Downton","NON","Board of Ed at Large","","Y","","340",""
"12","016","000","Darlena M. Grady","NON","Board of Ed at Large","","","","358",""
"12","016","000","Charlotte Sebold","NON","Board of Ed at Large","","Y","","504",""
"12","016","000","Other Write-Ins","NON","Board of Ed at Large","","","Y","14",""
