"Vote Type (FOR=1,AGAINST=2)","County","Candidate Name","Party","Office Name","Office District","Winner","Write-In?", LEGS 26,LEGS 47,LEGS 02A,LEGS 45,LEGS 37B,LEGS 08,LEGS 17,LEGS 34A,LEGS 28,LEGS 04B,LEGS 03B,LEGS 13,LEGS 12B,LEGS 29B,LEGS 07,LEGS 18,LEGS 21,LEGS 11,LEGS 34B,LEGS 04A,LEGS 38B,LEGS 19,LEGS 20,LEGS 23A,LEGS 22,LEGS 31,LEGS 44,LEGS 16,LEGS 02C,LEGS 39,LEGS 25,LEGS 32,LEGS 43,LEGS 10,LEGS 36,LEGS 09B,LEGS 03A,LEGS 09A,LEGS 29A,LEGS 42,LEGS 14,LEGS 46,LEGS 12A,LEGS 27B,LEGS 29C,LEGS 15,LEGS 01B,LEGS 35A,LEGS 24,LEGS 40,LEGS 41,LEGS 37A,LEGS 01A,LEGS 01C,LEGS 35B,LEGS 06,LEGS 27A,LEGS 30,LEGS 33A,LEGS 33B,LEGS 05A,LEGS 23B,LEGS 38A,LEGS 02B,LEGS 05B
1,00,"Barack Obama",DEM,President - Vice Pres,,Y,,38505,22239,6197,27863,11433,22760,27068,17209,35733,6051,11031,31435,10397,7973,19370,30264,28115,33218,5801,13032,13388,26224,24596,23879,26368,18301,25108,33847,6289,25470,37407,23896,28535,35531,17933,6566,18358,17620,6403,22594,26606,23531,14286,7761,6713,30325,4258,10811,36046,28612,26614,8148,2979,4312,5989,16344,30718,23384,15729,7121,10591,14942,6007,5746,7129
1,00,"Mitt Romney",REP,President - Vice Pres,,,,2513,1691,10988,2875,19245,22097,11142,13330,20269,12926,12785,17560,4100,9301,29401,9444,8691,18666,11044,22352,19804,12539,4214,7178,3924,26136,1683,13544,5253,10375,1385,19680,2971,5121,27784,13135,13407,20434,10457,20633,16551,8357,14260,9170,8876,18759,9127,28146,675,2130,4832,4186,10758,8847,11502,17045,7206,23103,21152,10486,23560,2037,7928,9555,14239
1,00,"Gary Johnson",LIB,President - Vice Pres,,,,76,93,240,167,373,822,448,471,551,346,379,811,229,361,780,460,512,629,287,543,388,389,287,254,242,757,145,432,200,488,75,794,213,315,656,412,599,641,208,747,462,636,582,223,269,501,187,604,57,280,179,102,176,216,303,503,196,729,593,198,685,76,132,227,367
1,00,"Jill Stein",GRN,President - Vice Pres,,,,53,123,126,123,141,358,275,228,272,131,143,399,110,127,377,340,272,323,131,273,184,268,376,127,275,385,143,311,97,269,51,342,266,184,306,150,263,267,123,390,252,293,313,120,97,327,112,249,53,420,158,64,95,133,132,372,124,319,248,108,313,61,53,131,168
1,00,"Tiffany Renee Briscoe",DEM,President - Vice Pres,,,Y,1,1,0,0,0,0,0,0,0,1,0,0,0,1,1,0,1,0,0,0,0,0,0,0,0,0,1,0,0,0,0,0,1,0,2,0,0,0,0,0,0,0,0,0,0,0,0,0,1,0,0,0,0,0,0,0,0,1,0,0,0,0,1,0,0
1,00,"Dennis Knill",DEM,President - Vice Pres,,,Y,0,0,0,0,0,0,0,0,0,2,0,0,0,0,0,0,0,0,0,0,0,0,0,0,0,0,0,0,0,0,0,0,0,0,0,0,0,0,0,0,0,0,0,0,0,0,0,0,0,0,0,0,0,0,0,0,0,0,0,0,0,0,0,0,0
1,00,"Matthew Lydick",REP,President - Vice Pres,,,Y,0,0,0,1,0,0,0,0,0,0,0,4,0,0,0,1,0,2,0,0,0,1,0,0,0,1,0,0,0,0,0,0,1,0,1,0,1,2,0,0,0,0,1,0,0,0,0,0,0,0,0,0,0,0,0,0,0,0,1,0,0,0,0,0,0
1,00,"Barbara A. Prokopich",REP,President - Vice Pres,,,Y,0,0,0,0,0,0,0,0,0,0,0,0,0,0,0,0,0,0,0,0,0,0,0,0,0,1,0,0,0,0,0,1,0,0,0,0,0,0,0,0,0,0,0,0,0,0,0,0,0,0,0,0,0,0,0,0,0,0,0,0,0,0,0,0,0
1,00,"Santa Claus",IND,President - Vice Pres,,,Y,0,0,5,3,5,29,5,16,8,12,10,18,3,5,36,5,6,9,8,10,0,6,3,1,3,23,4,1,4,7,1,18,13,11,14,7,12,13,3,11,3,7,21,11,5,9,4,25,1,6,2,0,6,7,6,15,3,16,17,7,15,2,3,5,8
1,00,"Richard Duncan",IND,President - Vice Pres,,,Y,0,0,0,1,0,0,1,1,0,0,0,0,0,0,0,0,0,0,0,0,0,0,0,0,0,0,0,0,0,0,0,1,0,2,0,0,0,1,0,0,0,0,0,1,0,0,0,0,0,0,0,0,0,0,0,3,0,1,0,0,0,1,0,0,0
1,00,"Bruce Mlynski",IND,President - Vice Pres,,,Y,0,0,0,0,0,0,0,0,0,0,0,0,0,0,0,0,0,0,0,0,0,0,0,0,0,0,0,0,0,0,0,0,0,0,0,0,0,0,0,0,0,0,0,0,0,0,0,0,0,0,0,0,0,0,0,0,0,0,0,0,0,0,0,0,0
1,00,"Kevin M. Thorne",IND,President - Vice Pres,,,Y,0,0,0,0,0,0,0,0,0,0,0,0,0,0,0,0,0,0,0,0,0,0,0,0,0,0,0,0,0,0,0,0,0,0,0,0,0,0,0,0,0,0,0,0,0,0,0,0,0,0,0,0,0,0,0,0,0,0,0,0,0,0,0,0,0
1,00,"James Clymer",CON,President - Vice Pres,,,Y,0,1,0,1,1,2,1,6,0,0,0,0,0,0,1,0,1,0,0,0,0,1,0,0,0,0,0,0,0,0,0,0,0,3,0,0,0,0,1,1,0,2,0,0,1,0,0,1,0,0,0,0,0,0,1,1,1,0,0,2,0,0,0,2,0
1,00,"Virgil Goode",CON,President - Vice Pres,,,Y,0,0,3,0,4,10,11,5,12,6,6,19,3,6,10,5,2,5,3,12,6,5,3,2,3,6,2,4,3,8,6,14,6,12,17,6,15,12,4,4,3,2,5,3,2,4,4,7,2,1,6,1,3,1,1,6,3,13,8,6,3,3,1,7,2
1,00,"Ross C. Rocky Anderson",OTH,President - Vice Pres,,,Y,0,3,0,1,3,5,5,0,0,1,3,5,0,2,4,8,0,2,0,1,1,3,8,1,2,2,6,6,1,3,0,6,6,3,8,1,4,1,0,3,5,4,1,3,2,4,1,1,1,7,0,0,1,0,0,1,0,1,5,2,0,0,2,1,3
1,00,"Andre Barnett",OTH,President - Vice Pres,,,Y,0,0,0,0,0,0,0,0,0,0,0,2,1,0,0,1,0,0,0,0,0,1,0,0,0,0,0,0,0,0,0,0,4,0,0,0,0,0,0,1,0,0,0,0,0,0,0,0,0,1,0,0,0,0,0,0,1,0,0,0,1,0,0,0,0
1,00,"Roseanne Barr",OTH,President - Vice Pres,,,Y,0,1,1,1,0,1,1,0,2,0,0,0,0,0,2,0,1,2,0,2,1,0,1,0,1,1,0,2,3,3,0,4,0,0,1,1,0,0,0,1,0,2,2,1,2,0,2,0,0,1,0,0,2,2,0,1,2,3,2,0,0,0,2,0,0
1,00,"Will Christensen",OTH,President - Vice Pres,,,Y,0,0,0,0,0,0,0,0,0,0,0,0,0,0,0,0,0,0,0,0,0,0,0,0,0,0,0,0,0,0,0,0,0,0,0,0,0,0,0,0,0,0,0,0,0,0,0,0,0,0,0,0,0,0,0,0,0,0,0,0,0,0,0,0,0
1,00,"Stephen Durham",OTH,President - Vice Pres,,,Y,0,0,0,0,0,1,1,0,0,0,0,0,3,0,1,0,0,0,0,0,0,1,0,0,0,0,0,1,0,0,0,0,1,0,0,0,0,0,0,1,0,0,0,0,0,0,0,1,0,1,0,0,0,0,0,0,0,0,0,0,0,0,0,0,0
1,00,"Merlin Miller",OTH,President - Vice Pres,,,Y,0,0,0,1,0,0,2,0,2,0,0,0,0,0,1,0,0,0,0,0,0,0,1,0,1,0,0,1,0,3,0,1,0,0,0,0,0,0,0,0,1,0,0,0,0,0,1,1,0,1,1,0,0,1,0,0,0,1,0,0,0,0,0,0,0
1,00,"Leon Leo Ray",OTH,President - Vice Pres,,,Y,0,0,0,0,0,0,0,0,0,0,0,0,0,0,0,0,0,0,0,0,0,0,0,0,0,0,0,0,0,0,0,0,0,0,0,0,0,0,0,0,0,0,0,0,0,0,0,0,0,0,0,0,0,0,0,0,0,0,0,0,0,0,0,0,0
1,00,"Michael David Boyles",UNF,President - Vice Pres,,,Y,0,0,0,0,2,0,0,0,0,0,0,0,0,0,0,0,0,0,0,0,0,1,0,1,0,0,1,0,0,0,0,0,0,0,0,0,0,0,0,0,0,0,0,0,0,0,0,0,0,0,0,0,0,0,0,0,0,0,0,0,0,0,0,0,0
1,00,"Theodis (Ted) Brown, Sr.",UNF,President - Vice Pres,,,Y,0,0,0,0,0,0,0,0,0,0,0,0,0,0,0,0,0,0,0,0,0,0,0,0,0,0,0,0,0,0,0,0,0,0,0,0,0,0,0,0,0,0,0,0,0,0,0,0,0,0,0,0,0,0,0,0,0,0,0,0,0,0,0,0,0
1,00,"Paul Chehade",UNF,President - Vice Pres,,,Y,3,0,0,0,0,0,0,0,0,0,0,1,0,0,0,0,1,0,0,2,0,0,0,0,0,0,0,0,0,0,0,1,0,0,0,0,0,0,0,0,0,0,0,0,0,0,0,0,0,0,1,0,0,0,0,0,0,0,1,0,0,0,0,0,0
1,00,"David M. Crosby",UNF,President - Vice Pres,,,Y,0,0,0,0,0,0,0,0,0,0,0,0,0,0,2,0,0,0,0,0,0,0,0,1,0,0,0,0,0,1,0,0,0,0,0,0,0,0,0,0,0,0,0,0,0,0,0,0,0,0,0,0,0,1,0,0,0,0,0,0,0,0,0,1,0
1,00,"Fred Donald Dickson, Jr.",UNF,President - Vice Pres,,,Y,0,0,0,0,0,0,0,0,0,0,0,0,0,0,0,0,0,0,0,0,0,0,0,0,0,0,1,0,0,0,0,0,0,0,2,0,0,1,0,0,0,0,1,1,0,0,0,0,0,0,0,0,0,0,0,0,0,0,0,0,0,0,0,0,0
1,00,"Robert William Dietz",UNF,President - Vice Pres,,,Y,0,0,0,0,0,0,0,0,0,0,0,0,0,0,0,0,0,0,0,0,0,0,0,0,1,0,0,0,0,0,0,0,0,0,0,0,0,0,0,0,0,0,0,0,0,0,0,0,0,0,0,0,0,0,0,0,0,0,0,0,0,0,0,0,0
1,00,"Dwight Kenneth French",UNF,President - Vice Pres,,,Y,0,0,0,0,0,0,0,0,0,0,0,0,0,0,0,0,0,0,0,0,0,0,0,0,0,0,0,0,0,0,0,0,0,0,0,0,0,0,0,0,0,0,0,0,0,0,0,0,0,0,0,0,0,0,0,0,0,0,0,0,0,0,0,0,0
1,00,"Darrell Hykes",UNF,President - Vice Pres,,,Y,1,0,0,0,0,0,0,0,0,0,0,0,0,0,0,0,0,0,0,0,0,0,0,0,0,0,0,0,0,0,1,0,0,0,0,0,0,0,0,0,0,0,0,2,0,0,0,0,1,0,0,0,0,0,0,0,0,0,0,0,0,0,0,2,0
1,00,"Nelson Keyton",UNF,President - Vice Pres,,,Y,0,0,0,0,0,0,0,0,0,0,0,0,0,0,1,0,0,0,0,0,0,0,0,0,0,0,0,0,0,0,0,0,0,0,0,0,1,0,0,0,0,0,0,0,0,0,0,1,0,0,0,0,0,0,0,0,0,0,0,0,0,0,0,0,0
1,00,"Dean Morstad",UNF,President - Vice Pres,,,Y,0,0,0,0,0,0,0,0,0,0,0,0,0,0,0,0,0,0,0,0,0,0,0,0,0,0,0,0,0,0,0,0,0,1,0,0,0,0,0,0,0,0,0,0,0,0,0,0,0,0,0,0,0,0,0,0,0,0,0,0,0,0,0,0,0
1,00,"Deonia Neveu",UNF,President - Vice Pres,,,Y,0,0,0,0,0,0,0,0,0,0,0,0,0,0,0,0,0,0,0,0,0,0,0,0,0,0,0,0,0,0,0,0,0,0,0,0,0,0,0,0,0,0,0,0,0,0,0,0,0,0,0,0,0,0,0,0,0,0,0,0,0,0,0,0,0
1,00,"Terrance James O'Hara",UNF,President - Vice Pres,,,Y,0,0,0,0,0,0,0,0,0,0,0,0,0,0,0,0,0,0,0,0,0,0,0,0,0,0,0,0,1,0,0,0,0,0,0,0,0,0,0,0,0,0,0,0,0,0,0,0,0,0,0,0,0,0,0,0,0,0,0,0,0,0,0,0,0
1,00,"Jill Reed",UNF,President - Vice Pres,,,Y,0,0,0,0,0,0,0,0,0,0,0,0,0,0,0,0,1,0,0,1,0,0,0,0,0,0,0,0,0,1,0,0,0,0,0,0,3,0,0,0,0,0,0,0,0,0,0,0,0,0,0,0,0,0,0,0,0,0,0,0,0,0,0,0,0
1,00,"Cecil James Roth",UNF,President - Vice Pres,,,Y,0,0,0,0,0,0,0,0,0,0,0,0,0,0,0,0,0,0,0,0,0,0,0,0,0,0,0,0,0,0,0,0,0,0,0,0,0,0,0,0,0,0,0,0,0,0,0,0,0,0,0,0,0,0,0,0,0,0,0,0,0,0,0,0,0
1,00,"Sheila Tittle",UNF,President - Vice Pres,,,Y,0,0,0,0,0,0,0,0,0,0,0,0,0,0,0,0,0,0,0,0,0,0,0,0,0,0,0,0,0,0,0,0,0,0,0,0,0,0,0,0,0,0,0,0,0,0,0,0,0,0,0,0,0,0,0,0,0,0,0,0,0,0,0,0,0
1,00,"Other Write-Ins",BOT,President - Vice Pres,,,Y,83,52,56,53,76,208,130,128,211,99,91,175,56,70,220,148,144,187,79,148,85,139,106,114,115,217,58,120,57,125,83,206,86,117,150,121,119,145,77,200,154,131,152,50,64,162,42,166,72,72,60,38,38,55,67,192,96,161,142,52,210,41,26,62,88
1,00,"Ben Cardin",DEM,U.S. Senator           ,,Y,,33321,19453,4755,23103,10172,19468,23950,14566,30781,4708,8790,26866,8984,6955,16605,27547,24358,31225,5283,10080,11329,23620,22654,20859,23375,15143,20726,31678,4734,21850,32573,20163,24278,30610,15563,5143,14992,15104,5611,20905,22909,19704,12330,6408,5640,26486,4145,9375,31278,24041,23831,6930,3266,3893,5135,14299,26320,19663,12916,6030,8575,13117,5181,4406,6415
1,00,"Daniel John Bongino",REP,U.S. Senator           ,,,,1617,1241,8528,1723,14123,12947,8353,7825,13182,9961,10486,12733,2979,6944,17750,6928,6195,10628,8025,18257,13491,9218,3050,5020,2705,17610,1175,9596,3940,8140,971,13344,1825,3536,20863,9661,11055,15168,6925,12714,12960,4779,9434,6326,6563,14449,7012,17731,607,1335,2559,2867,8822,6566,6779,8807,4561,17757,16351,7595,16517,1411,5487,7506,9745
1,00,"Dean Ahmad",LIB,U.S. Senator           ,,,,303,265,207,344,314,575,581,433,574,226,354,900,262,326,624,595,642,534,211,471,400,506,403,419,410,591,282,569,198,601,257,666,371,495,524,305,588,685,213,611,610,584,420,178,242,682,156,438,280,488,265,114,179,188,242,417,273,666,510,182,447,148,128,222,286
1,00,"S. Rob Sobhani",UNF,U.S. Senator           ,,,,4745,2169,3501,4693,5871,12219,4939,7910,10845,4225,4042,8591,2315,2867,14076,4535,5157,9666,3317,6419,7633,4955,2597,4369,3328,11341,3585,5394,2546,4994,4078,9669,4615,5826,8689,4783,5035,7312,3736,9474,6124,6620,6735,3793,3025,6953,1804,11679,3348,4339,4167,2006,948,2294,5477,10110,6204,8468,7279,3698,8992,2113,2851,3072,5160
1,00,"Lih Young",DEM,U.S. Senator           ,,,Y,1,0,1,3,2,2,3,3,1,1,1,6,1,1,3,1,2,5,0,2,0,4,0,2,2,3,4,0,2,2,3,2,0,11,5,0,2,0,0,1,2,3,3,0,0,5,0,1,0,2,2,1,0,0,1,1,3,1,2,0,0,1,0,0,2
1,00,"Mary Podlesak",REP,U.S. Senator           ,,,Y,0,0,0,0,0,1,0,0,0,0,0,0,0,0,0,0,0,0,1,1,0,0,0,0,0,0,0,0,0,0,0,0,0,2,9,0,0,0,0,1,0,0,0,0,1,0,0,0,0,0,0,0,0,0,0,1,0,0,0,0,0,0,0,0,1
1,00,"Brandy Baker",UNF,U.S. Senator           ,,,Y,2,1,1,1,0,4,1,0,0,0,1,1,0,0,8,3,4,0,0,1,0,8,9,2,3,2,3,0,1,1,1,2,7,2,2,1,3,0,0,1,3,1,1,0,0,1,1,0,0,11,1,0,0,3,0,2,1,2,1,0,1,0,0,0,1
1,00,"Ed Tinus",UNF,U.S. Senator           ,,,Y,0,0,0,0,0,2,0,0,0,0,0,0,0,2,1,0,0,1,0,1,12,0,1,0,0,1,0,0,0,0,0,2,1,0,2,0,2,0,0,0,0,0,0,0,0,0,0,1,0,0,0,1,0,0,1,4,0,0,1,0,0,0,1,0,0
1,00,"Other Write-Ins",BOT,U.S. Senator           ,,,Y,35,19,9,20,33,44,26,41,43,9,17,45,13,20,31,36,41,47,13,25,52,30,38,21,25,49,23,41,9,38,40,37,45,40,61,20,37,37,9,59,37,31,39,17,14,51,7,31,30,37,14,20,5,9,18,35,30,36,29,10,24,10,17,8,16
1,00,"Wendy Rosen",DEM,U.S. Congress,01,,,,,,,7042,2535,,217,,1040,,,,,4829,,,,4537,,9064,,,,,,,,,,,,,,12573,147,,,,313,,,,,,,,7965,,,,6027,,,4479,,,,,,4472,,4446,,1077
1,00,"Andy Harris",REP,U.S. Congress,01,Y,,,,,,19127,5725,,415,,3486,,,,,13215,,,,11014,,19650,,,,,,,,,,,,,,27683,635,,,,707,,,,,,,,28265,,,,4553,,,11734,,,,,,15339,,7739,,3301
1,00,"Muir Wayne Boda",LIB,U.S. Congress,01,,,,,,,1428,286,,21,,169,,,,,625,,,,537,,1545,,,,,,,,,,,,,,1426,31,,,,50,,,,,,,,1346,,,,493,,,641,,,,,,687,,672,,183
1,00,"John LaFerla",DEM,U.S. Congress,01,,Y,,,,,2032,103,,12,,2,,,,,247,,,,496,,1796,,,,,,,,,,,,,,2722,0,,,,36,,,,,,,,209,,,,480,,,79,,,,,,9,,491,,103
1,00,"Michael Calpino",UNF,U.S. Congress,01,,Y,,,,,7,0,,0,,0,,,,,2,,,,4,,6,,,,,,,,,,,,,,22,0,,,,0,,,,,,,,7,,,,2,,,2,,,,,,0,,0,,0
1,00,"Douglas Dryden Rae",UNF,U.S. Congress,01,,Y,,,,,3,0,,0,,0,,,,,0,,,,0,,0,,,,,,,,,,,,,,13,0,,,,0,,,,,,,,0,,,,0,,,1,,,,,,0,,0,,0
1,00,"Other Write-Ins",BOT,U.S. Congress,01,,Y,,,,,138,32,,3,,82,,,,,141,,,,16,,77,,,,,,,,,,,,,,182,20,,,,2,,,,,,,,538,,,,43,,,269,,,,,,309,,32,,10
1,00,"C. A. Dutch Ruppersberger",DEM,U.S. Congress,02,Y,,,,,10595,,12666,,15624,,,,6609,,,13186,,1119,20272,,,,,,,,4072,,,,,,9618,,8266,,,,,,16898,,6486,2096,,,,,1,,,,,,,,19031,,,,,,,,,724
1,00,"Nancy C. Jacobs",REP,U.S. Congress,02,,,,,,1154,,6673,,13314,,,,3399,,,10662,,352,6904,,,,,,,,2002,,,,,,4852,,679,,,,,,11241,,1044,1400,,,,,6,,,,,,,,13015,,,,,,,,,877
1,00,"Leo Wayne Dymowski",LIB,U.S. Congress,02,,,,,,237,,643,,945,,,,418,,,1000,,40,812,,,,,,,,265,,,,,,554,,134,,,,,,1180,,225,141,,,,,1,,,,,,,,1259,,,,,,,,,29
1,00,"Ray Bly",REP,U.S. Congress,02,,Y,,,,0,,4,,3,,,,2,,,2,,1,1,,,,,,,,0,,,,,,0,,1,,,,,,1,,0,0,,,,,0,,,,,,,,1,,,,,,,,,0
1,00,"Other Write-Ins",BOT,U.S. Congress,02,,Y,,,,11,,34,,44,,,,18,,,26,,1,38,,,,,,,,6,,,,,,16,,19,,,,,,59,,9,7,,,,,0,,,,,,,,53,,,,,,,,,1
1,00,"John Sarbanes",DEM,U.S. Congress,03,Y,,,,,5079,,8510,,,,,,20576,,,,,4389,11405,,,,2131,4814,,,9156,1759,,,,,12942,6628,,,,,,,7635,16124,13310,5741,,,,,,,3910,7882,,,,,,,15326,,,,,,,
1,00,"Eric Delano Knowles",REP,U.S. Congress,03,,,,,,1017,,6264,,,,,,9610,,,,,1771,3138,,,,1180,885,,,8775,459,,,,,8839,1249,,,,,,,4555,7103,4764,4084,,,,,,,731,2158,,,,,,,10345,,,,,,,
1,00,"Paul W. Drgos, Jr.",LIB,U.S. Congress,03,,,,,,275,,796,,,,,,1090,,,,,203,339,,,,85,118,,,990,118,,,,,1016,232,,,,,,,368,597,1068,535,,,,,,,267,233,,,,,,,957,,,,,,,
1,00,"Other Write-Ins",BOT,U.S. Congress,03,,Y,,,,7,,25,,,,,,53,,,,,15,26,,,,12,9,,,28,6,,,,,38,12,,,,,,,22,46,44,17,,,,,,,10,15,,,,,,,37,,,,,,,
1,00,"Donna F. Edwards",DEM,U.S. Congress,04,Y,,25500,20840,,,,,,,,,,,,,,,13835,,,,,,,8578,6301,5728,,,,,32858,2095,,,,,,,,,,,,,,,,,33950,,,,,,,,,4142,12040,3106,,5305,,,
1,00,"Faith M. Loudon",REP,U.S. Congress,04,,,1296,1490,,,,,,,,,,,,,,,3077,,,,,,,1134,639,11480,,,,,1114,2597,,,,,,,,,,,,,,,,,803,,,,,,,,,5570,17957,4687,,237,,,
1,00,"Scott Soffen",LIB,U.S. Congress,04,,,313,351,,,,,,,,,,,,,,,418,,,,,,,155,160,818,,,,,315,243,,,,,,,,,,,,,,,,,332,,,,,,,,,427,1268,316,,54,,,
1,00,"Other Write-Ins",BOT,U.S. Congress,04,,Y,32,34,,,,,,,,,,,,,,,18,,,,,,,12,5,30,,,,,40,8,,,,,,,,,,,,,,,,,32,,,,,,,,,16,41,13,,5,,,
1,00,"Steny H. Hoyer",DEM,U.S. Congress,05,Y,,11305,,,,,,,,37616,,,,,9727,,,7578,,,,,,,15010,18811,,,,,,2989,,,,,,,,8511,,,,,8509,7415,,,,,,,,,,,,30198,3830,2285,3986,,9276,,,
1,00,"Tony O'Donnell",REP,U.S. Congress,05,,,905,,,,,,,,16489,,,,,7072,,,2169,,,,,,,4896,2730,,,,,,223,,,,,,,,7909,,,,,7843,7764,,,,,,,,,,,,6223,4337,2172,4568,,1521,,,
1,00,"Arvin Vohra",LIB,U.S. Congress,05,,,94,,,,,,,,695,,,,,323,,,306,,,,,,,317,284,,,,,,18,,,,,,,,239,,,,,236,244,,,,,,,,,,,,364,211,99,170,,118,,,
1,00,"Bob Auerbach",GRN,U.S. Congress,05,,,106,,,,,,,,694,,,,,241,,,324,,,,,,,324,655,,,,,,25,,,,,,,,188,,,,,246,213,,,,,,,,,,,,346,262,119,208,,146,,,
1,00,"Other Write-Ins",BOT,U.S. Congress,05,,Y,13,,,,,,,,54,,,,,16,,,25,,,,,,,24,30,,,,,,6,,,,,,,,11,,,,,13,13,,,,,,,,,,,,50,13,8,12,,15,,,
1,00,"John Delaney",DEM,U.S. Congress,06,Y,,,,7763,,,,12994,,,,8618,,,,,,,,,0,,7218,,,,,,527,6859,24759,,,,,,,15540,,,,2776,,,,,28002,5520,,,,,,4028,5514,,,,,,,,,,6911,
1,00,"Roscoe G. Bartlett",REP,U.S. Congress,06,,,,,8512,,,,4503,,,,7921,,,,,,,,,0,,3932,,,,,,216,4082,9267,,,,,,,8719,,,,2317,,,,,14789,7337,,,,,,9104,6937,,,,,,,,,,7627,
1,00,"Nickolaus Mueller",LIB,U.S. Congress,06,,,,,795,,,,501,,,,594,,,,,,,,,0,,304,,,,,,11,543,1033,,,,,,,1030,,,,157,,,,,1123,456,,,,,,442,625,,,,,,,,,,736,
1,00,"Other Write-Ins",BOT,U.S. Congress,06,,Y,,,12,,,,19,,,,18,,,,,,,,,0,,15,,,,,,2,9,62,,,,,,,44,,,,9,,,,,79,9,,,,,,6,9,,,,,,,,,,11,
1,00,"Elijah Cummings",DEM,U.S. Congress,07,Y,,,,,10475,,,,,,,,3821,10093,,1325,,,3793,,,,,,,,,21935,,,,,,21023,26445,,,,17437,,,,3341,7687,,,,,,,23430,19122,,,,,,,,,,,,,,5430
1,00,"Frank C. Mirabile",REP,U.S. Congress,07,,,,,,152,,,,,,,,2287,3717,,2849,,,3910,,,,,,,,,782,,,,,,995,3767,,,,18804,,,,378,5999,,,,,,,892,592,,,,,,,,,,,,,,8651
1,00,"Ronald M. Owens-Bey",LIB,U.S. Congress,07,,,,,,165,,,,,,,,212,481,,190,,,310,,,,,,,,,465,,,,,,499,732,,,,1285,,,,131,573,,,,,,,653,356,,,,,,,,,,,,,,613
1,00,"Ty Glen Busch",DEM,U.S. Congress,07,,Y,,,,0,,,,,,,,0,1,,1,,,0,,,,,,,,,0,,,,,,1,0,,,,2,,,,0,1,,,,,,,0,0,,,,,,,,,,,,,,0
1,00,"Charles U. Smith",DEM,U.S. Congress,07,,Y,,,,1,,,,,,,,2,0,,0,,,0,,,,,,,,,2,,,,,,1,4,,,,2,,,,1,0,,,,,,,6,1,,,,,,,,,,,,,,1
1,00,"Other Write-Ins",BOT,U.S. Congress,07,,Y,,,,2,,,,,,,,9,16,,9,,,14,,,,,,,,,21,,,,,,32,38,,,,63,,,,9,28,,,,,,,33,14,,,,,,,,,,,,,,18
1,00,"Chris Van Hollen",DEM,U.S. Congress,08,Y,,,,,,,,13863,,,4236,2642,,,,,30279,,,,12136,,16783,19022,,,,,34239,,,,,,,,5578,2642,,,,7383,,,,,2630,,,,,,,,,,,,,,,4203,,,,
1,00,"Ken Timmerman",REP,U.S. Congress,08,,,,,,,,,4814,,,8861,3502,,,,,7797,,,,20925,,5575,2585,,,,,10680,,,,,,,,11702,3317,,,,4863,,,,,1314,,,,,,,,,,,,,,,7450,,,,
1,00,"Mark Grannis",LIB,U.S. Congress,08,,,,,,,,,437,,,421,175,,,,,816,,,,946,,347,417,,,,,814,,,,,,,,659,159,,,,248,,,,,45,,,,,,,,,,,,,,,527,,,,
1,00,"George Gluck",GRN,U.S. Congress,08,,,,,,,,,325,,,204,104,,,,,551,,,,487,,289,508,,,,,544,,,,,,,,342,106,,,,190,,,,,41,,,,,,,,,,,,,,,260,,,,
1,00,"Other Write-Ins",BOT,U.S. Congress,08,,Y,,,,,,,22,,,17,3,,,,,37,,,,36,,30,32,,,,,52,,,,,,,,44,6,,,,14,,,,,1,,,,,,,,,,,,,,,21,,,,
1,08,"Pamela R. Howard",DEM,County Executive       ,,,,,,,,,,,237,,,,,,,,,,,7469,,,,,,,,,,,,,,,,7695,,,,,,,,,,,,,,,,,,,,,,,,,,,,,,
1,08,"Tari Moore",REP,County Executive       ,,Y,,,,,,,,,253,,,,,,,,,,,9114,,,,,,,,,,,,,,,,7986,,,,,,,,,,,,,,,,,,,,,,,,,,,,,,
1,08,"Other Write-Ins",BOT,County Executive       ,,,Y,,,,,,,,0,,,,,,,,,,,17,,,,,,,,,,,,,,,,31,,,,,,,,,,,,,,,,,,,,,,,,,,,,,,
1,08,"Pamela Husfelt Bailey",DEM,County Council         ,001,,,,,,,,,,201,,,,,,,,,,,5670,,,,,,,,,,,,,,,,6478,,,,,,,,,,,,,,,,,,,,,,,,,,,,,,
1,08,"Alan McCarthy",REP,County Council         ,001,Y,,,,,,,,,274,,,,,,,,,,,10418,,,,,,,,,,,,,,,,8880,,,,,,,,,,,,,,,,,,,,,,,,,,,,,,
1,08,"Other Write-Ins",BOT,County Council         ,001,,Y,,,,,,,,1,,,,,,,,,,,22,,,,,,,,,,,,,,,,20,,,,,,,,,,,,,,,,,,,,,,,,,,,,,,
1,08,"James G. Crouse",DEM,County Council         ,005,,,,,,,,,,211,,,,,,,,,,,6490,,,,,,,,,,,,,,,,7513,,,,,,,,,,,,,,,,,,,,,,,,,,,,,,
1,08,"Robert J. Hodge",REP,County Council         ,005,Y,,,,,,,,,266,,,,,,,,,,,9749,,,,,,,,,,,,,,,,7992,,,,,,,,,,,,,,,,,,,,,,,,,,,,,,
1,08,"Other Write-Ins",BOT,County Council         ,005,,Y,,,,,,,,1,,,,,,,,,,,19,,,,,,,,,,,,,,,,18,,,,,,,,,,,,,,,,,,,,,,,,,,,,,,
1,23,"Leah J. Seaton",BOT,Judge Circuit Court,01,Y,,,,,,3194,,,,,,,,,,,,,,,,9184,,,,,,,,,,,,,,,,,,,,,,,,,,,,,,,6973,,,,,,,,,,,4911,,
1,23,"Other Write-Ins",BOT,Judge Circuit Court,01,,Y,,,,,23,,,,,,,,,,,,,,,,63,,,,,,,,,,,,,,,,,,,,,,,,,,,,,,,33,,,,,,,,,,,47,,
1,24,"Brian Daniel Shockley",BOT,Judge Circuit Court,01,Y,,,,,,,,,,,,,,,,,,,,,,17915,,,,,,,,,,,,,,,,,,,,,,,,,,,,,,,,,,,,,,,,,,,,
1,24,"Other Write-Ins",BOT,Judge Circuit Court,01,,Y,,,,,,,,,,,,,,,,,,,,,104,,,,,,,,,,,,,,,,,,,,,,,,,,,,,,,,,,,,,,,,,,,,
1,08,"Keith A. Baynes",BOT,Judge Circuit Court,02,Y,,,,,,,,,356,,,,,,,,,,,11176,,,,,,,,,,,,,,,,10784,,,,,,,,,,,,,,,,,,,,,,,,,,,,,,
1,08,"Jane Murray",BOT,Judge Circuit Court,02,Y,,,,,,,,,305,,,,,,,,,,,10676,,,,,,,,,,,,,,,,10436,,,,,,,,,,,,,,,,,,,,,,,,,,,,,,
1,08,"Other Write-Ins",BOT,Judge Circuit Court,02,,Y,,,,,,,,2,,,,,,,,,,,74,,,,,,,,,,,,,,,,106,,,,,,,,,,,,,,,,,,,,,,,,,,,,,,
1,04,"Nancy M. Purpura",BOT,Judge Circuit Court,03,Y,,,,,,,34303,,,,,,,,,26462,,,40189,,,,,,,,,,,,,,,,32915,,,,,,32551,,,16310,,,,,,,,,,,,,25557,,,,,,,,,15440
1,04,"Other Write-Ins",BOT,Judge Circuit Court,03,,Y,,,,,,363,,,,,,,,,298,,,353,,,,,,,,,,,,,,,,206,,,,,,355,,,179,,,,,,,,,,,,,269,,,,,,,,,169
1,13,"M. Elizabeth Bowen",BOT,Judge Circuit Court,03,Y,,,,,,,,,24683,,,,,,,10488,,,,,,,,,,,,,,,,,,,,,,,,,,,,,,,,,30285,,,,,,,13872,,,,,,,,,,
1,13,"Other Write-Ins",BOT,Judge Circuit Court,03,,Y,,,,,,,,250,,,,,,,135,,,,,,,,,,,,,,,,,,,,,,,,,,,,,,,,,461,,,,,,,187,,,,,,,,,,
1,02,"Pamela L. North",BOT,Judge Circuit Court,05,Y,,,,,,,,,,,,,,,,,,6423,,,,,,,,,34355,,,,,,34907,,,,,,,,,,,,,,,,,,,,,,,,,,36147,28113,13310,,,,,
1,02,"Other Write-Ins",BOT,Judge Circuit Court,05,,Y,,,,,,,,,,,,,,,,,61,,,,,,,,,450,,,,,,364,,,,,,,,,,,,,,,,,,,,,,,,,,462,359,173,,,,,
1,14,"Lenore R. Gelfman",BOT,Judge Circuit Court,05,Y,,,,,,,,,,,,,32878,10128,,,,,,,,,,,,,,,,,,,,,,,,,24964,,,,,4477,,,,,,,,,,,,,,,,,,,,,,
1,14,"William V. Tucker",BOT,Judge Circuit Court,05,Y,,,,,,,,,,,,,30207,8928,,,,,,,,,,,,,,,,,,,,,,,,,22818,,,,,4012,,,,,,,,,,,,,,,,,,,,,,
1,14,"Other Write-Ins",BOT,Judge Circuit Court,05,,Y,,,,,,,,,,,,459,118,,,,,,,,,,,,,,,,,,,,,,,,,412,,,,,51,,,,,,,,,,,,,,,,,,,,,,
1,11,"William Rogers Nicklas, Jr.",BOT,Judge Circuit Court,06,Y,,,,,,,,,,,2080,17306,,,,,,,,,26210,,,,,,,,,,,,,,,,,24592,,,,,,,,,,,,,,,,,,,,,,,,,,,,
1,11,"Other Write-Ins",BOT,Judge Circuit Court,06,,Y,,,,,,,,,,25,131,,,,,,,,,222,,,,,,,,,,,,,,,,,190,,,,,,,,,,,,,,,,,,,,,,,,,,,,
1,16,"Anne K. Albright",BOT,Judge Circuit Court,06,Y,,,,,,,,25362,,,,,,,,,26812,,,,,,25841,20113,,,,,31273,,24578,,,,,,,,,,,27619,,,,,31557,,,,,,,,,,,,,,,,,,,
1,16,"Michael D. Mason",BOT,Judge Circuit Court,06,Y,,,,,,,,22305,,,,,,,,,24115,,,,,,22941,17390,,,,,28917,,20894,,,,,,,,,,,24610,,,,,28360,,,,,,,,,,,,,,,,,,,
1,16,"Louise G. Scrivener",BOT,Judge Circuit Court,06,Y,,,,,,,,21174,,,,,,,,,23184,,,,,,21548,16637,,,,,28604,,19416,,,,,,,,,,,22922,,,,,26867,,,,,,,,,,,,,,,,,,,
1,16,"Other Write-Ins",BOT,Judge Circuit Court,06,,Y,,,,,,,345,,,,,,,,,376,,,,,,383,270,,,,,498,,326,,,,,,,,,,,378,,,,,486,,,,,,,,,,,,,,,,,,,
1,05,"Marjorie Lynn Clagett",BOT,Judge Circuit Court,07,Y,,,,,,,,,,,,,,,,,,,,,,,,,,,,,,,,,,,,,,,,,,,,,14201,10317,,,,,,,,,,,,4367,,,,,,,,
1,05,"Other Write-Ins",BOT,Judge Circuit Court,07,,Y,,,,,,,,,,,,,,,,,,,,,,,,,,,,,,,,,,,,,,,,,,,,118,76,,,,,,,,,,,,29,,,,,,,,
1,17,"Krystal Alves",BOT,Judge Circuit Court,07,Y,,25202,14079,,,,,,,,,,,,,,,16730,,,,,,,18593,17955,,,,,,23912,,,,,,,,,,,,,,,,,,21511,,,,,,,,20078,,,,,10932,,,
1,17,"DaNeeka Varner Cotton",BOT,Judge Circuit Court,07,Y,,21714,11816,,,,,,,,,,,,,,,14648,,,,,,,16404,15485,,,,,,20829,,,,,,,,,,,,,,,,,,18489,,,,,,,,17601,,,,,9770,,,
1,17,"John P. Davey",BOT,Judge Circuit Court,07,Y,,20973,11790,,,,,,,,,,,,,,,15384,,,,,,,17142,15750,,,,,,19922,,,,,,,,,,,,,,,,,,17583,,,,,,,,17346,,,,,9495,,,
1,17,"Hassan A. El-Amin",BOT,Judge Circuit Court,07,Y,,18690,10584,,,,,,,,,,,,,,,13569,,,,,,,15180,14149,,,,,,17785,,,,,,,,,,,,,,,,,,15525,,,,,,,,15371,,,,,8790,,,
1,17,"Sherrie L. Krauser",BOT,Judge Circuit Court,07,Y,,20989,11528,,,,,,,,,,,,,,,15027,,,,,,,16912,15693,,,,,,19999,,,,,,,,,,,,,,,,,,17634,,,,,,,,17415,,,,,9548,,,
1,17,"Other Write-Ins",BOT,Judge Circuit Court,07,,Y,225,171,,,,,,,,,,,,,,,312,,,,,,,292,244,,,,,,193,,,,,,,,,,,,,,,,,,143,,,,,,,,202,,,,,122,,,
1,19,"David W. Densford",BOT,Judge Circuit Court,07,Y,,,,,,,,,,,,,,,9347,,,,,,,,,,,,,,,,,,,,,,,,,7109,,,,,,1682,,,,,,,,,,,,,,,,,,,,
1,19,"Joseph Michael Stanalonis",BOT,Judge Circuit Court,07,,,,,,,,,,,,,,,,7209,,,,,,,,,,,,,,,,,,,,,,,,,7576,,,,,,1624,,,,,,,,,,,,,,,,,,,,
1,19,"Other Write-Ins",BOT,Judge Circuit Court,07,,Y,,,,,,,,,,,,,,43,,,,,,,,,,,,,,,,,,,,,,,,,19,,,,,,6,,,,,,,,,,,,,,,,,,,,
1,03,"Kendra Y. Ausby",BOT,Judge Circuit Court,08,Y,,,,,16027,,,,,,,,,,,,,,,,,,,,,,,13583,,,,,,17715,,,,,,,,,16132,,,,,,,,16137,16846,,,,,,,,,,,,,,
1,03,"Jeannie J. Hong",BOT,Judge Circuit Court,08,Y,,,,,13475,,,,,,,,,,,,,,,,,,,,,,,11004,,,,,,15421,,,,,,,,,15219,,,,,,,,14025,14808,,,,,,,,,,,,,,
1,03,"Charles J. Peters",BOT,Judge Circuit Court,08,Y,,,,,13169,,,,,,,,,,,,,,,,,,,,,,,10931,,,,,,15139,,,,,,,,,14892,,,,,,,,13689,14629,,,,,,,,,,,,,,
1,03,"Michael W. Reed",BOT,Judge Circuit Court,08,Y,,,,,14021,,,,,,,,,,,,,,,,,,,,,,,11792,,,,,,15752,,,,,,,,,15295,,,,,,,,14325,15412,,,,,,,,,,,,,,
1,03,"Yolanda A. Tanner",BOT,Judge Circuit Court,08,Y,,,,,15504,,,,,,,,,,,,,,,,,,,,,,,12928,,,,,,17266,,,,,,,,,15434,,,,,,,,15608,16531,,,,,,,,,,,,,,
1,03,"David W. Young",BOT,Judge Circuit Court,08,Y,,,,,14230,,,,,,,,,,,,,,,,,,,,,,,12052,,,,,,15795,,,,,,,,,15115,,,,,,,,14686,15698,,,,,,,,,,,,,,
1,03,"Other Write-Ins",BOT,Judge Circuit Court,08,,Y,,,,216,,,,,,,,,,,,,,,,,,,,,,,162,,,,,,255,,,,,,,,,427,,,,,,,,245,240,,,,,,,,,,,,,,
1,00,"Robert N. McDonald",BOT,Appellate Judge,02,Y,,,,,,,30974,,21723,,,,,,,33210,,,37492,,,,,,,,,,,,,,,,30567,,,,,,30304,,,14741,,,,,26451,,,,,,,12226,22790,,,,,,,,,13966
2,00,"Robert N. McDonald",BOT,Appellate Judge,02,Y,,,,,,,6530,,4653,,,,,,,7227,,,5649,,,,,,,,,,,,,,,,4636,,,,,,4702,,,3128,,,,,6114,,,,,,,2422,5553,,,,,,,,,3039
1,00,"Lynne A. Battaglia",BOT,Appellate Judge,03,Y,,,,12308,,,,,,,12684,16936,35092,10662,,,,,,,24472,,,,,,,,,8452,,,,,,,13286,23325,25994,,,,,4658,,,,9105,,,,,,8826,8904,,,,,,,23173,,,10668,
2,00,"Lynne A. Battaglia",BOT,Appellate Judge,03,Y,,,,1939,,,,,,,2841,2097,4699,1248,,,,,,,3392,,,,,,,,,1337,,,,,,,2981,2695,4125,,,,,776,,,,1554,,,,,,2103,1708,,,,,,,5376,,,1843,
1,00,"Robert M. Bell",BOT,Appellate Judge,06,Y,,,,,22347,,,,,,,,,,,,,,,,,,,,,,,19515,,,,,,23064,,,,,,,,,20727,,,,,,,,22055,22748,,,,,,,,,,,,,,
2,00,"Robert M. Bell",BOT,Appellate Judge,06,Y,,,,,3897,,,,,,,,,,,,,,,,,,,,,,,2955,,,,,,3454,,,,,,,,,4328,,,,,,,,3365,3307,,,,,,,,,,,,,,
1,00,"Stuart R. Berger",BOT,Judge Spec Appeal at Lg,,Y,,29310,16310,12047,20729,21543,30483,26083,21839,43139,12350,16731,34259,10370,12785,32623,27296,24811,37892,11890,24188,24557,26226,20405,21242,20681,29314,18003,31880,8203,24894,28228,30424,21649,30192,32142,12913,22854,25406,12005,30047,28544,20113,19011,12285,11582,32420,8861,26072,25952,20523,21494,8848,8730,8733,12033,22540,27333,31639,24637,11669,22476,12287,9608,10433,13690
2,00,"Stuart R. Berger",BOT,Judge Spec Appeal at Lg,,Y,,4215,2398,2045,4557,3996,6991,3423,4841,6739,2994,2163,5109,1398,2204,7783,3248,3831,5793,2369,3465,3184,3774,2092,3151,3045,7998,3596,2965,1433,3929,3863,6881,3945,4845,6200,3170,2948,4261,2149,5241,4435,4337,4169,1574,1566,4785,1631,6398,3786,3871,3795,1339,2045,1744,2566,5711,3929,6269,5329,2460,5720,1539,1732,1913,3427
1,00,"Michele D. Hotten",BOT,Judge Spec Appeals,04,Y,,32367,18076,,,,,,,,,,,,,,,20491,,,,,,,22847,22340,,,,,,31044,,,,,,,,,,,,,,,,,,28815,,,,,,,,25483,,,,,13382,,,
2,00,"Michele D. Hotten",BOT,Judge Spec Appeals,04,Y,,3418,2035,,,,,,,,,,,,,,,2593,,,,,,,2853,2648,,,,,,2963,,,,,,,,,,,,,,,,,,2910,,,,,,,,2833,,,,,1231,,,
1,00,"Shirley M. Watts",BOT,Judge Spec Appeals,06,Y,,,,,22157,,,,,,,,,,,,,,,,,,,,,,,19346,,,,,,22884,,,,,,,,,20522,,,,,,,,21824,22350,,,,,,,,,,,,,,
2,00,"Shirley M. Watts",BOT,Judge Spec Appeals,06,Y,,,,,3377,,,,,,,,,,,,,,,,,,,,,,,2555,,,,,,2942,,,,,,,,,4018,,,,,,,,2846,2966,,,,,,,,,,,,,,
1,01,"Nicholas Todd Hadley",NON,Board of Education     ,,Y,,,,,,,,,,,,,,,,,,,,,,,,,,,,,,,,,,,,,,,,,,,,,,,,8156,,,,,,2502,4723,,,,,,,,,,,
1,01,"Edward L. Root",NON,Board of Education     ,,Y,,,,,,,,,,,,,,,,,,,,,,,,,,,,,,,,,,,,,,,,,,,,,,,,9006,,,,,,1976,5265,,,,,,,,,,,
1,01,"Other Write-Ins",NON,Board of Education     ,,,Y,,,,,,,,,,,,,,,,,,,,,,,,,,,,,,,,,,,,,,,,,,,,,,,107,,,,,,14,56,,,,,,,,,,,
1,07,"Ginger DiMaggio",NON,Board of Education     ,,,,,,,,,,,,,5113,,,,,,,,,,,,,,,,,,,,,,,,,,6320,,,,,,,,,,,,,,,,,,,,,,,,,11929,,,,
1,07,"Jim Doolan",NON,Board of Education     ,,Y,,,,,,,,,,,6318,,,,,,,,,,,,,,,,,,,,,,,,,,7540,,,,,,,,,,,,,,,,,,,,,,,,,13877,,,,
1,07,"Cynthia L. Foley",NON,Board of Education     ,,,,,,,,,,,,,4386,,,,,,,,,,,,,,,,,,,,,,,,,,5801,,,,,,,,,,,,,,,,,,,,,,,,,10298,,,,
1,07,"Jennifer A. Seidel",NON,Board of Education     ,,Y,,,,,,,,,,,7526,,,,,,,,,,,,,,,,,,,,,,,,,,8428,,,,,,,,,,,,,,,,,,,,,,,,,14374,,,,
1,07,"Other Write-Ins",NON,Board of Education     ,,,Y,,,,,,,,,,91,,,,,,,,,,,,,,,,,,,,,,,,,,160,,,,,,,,,,,,,,,,,,,,,,,,,259,,,,
1,11,"Zakir Bengali",NON,Board of Education     ,,Y,,,,,,,,,,,933,8738,,,,,,,,,12815,,,,,,,,,,,,,,,,,13583,,,,,,,,,,,,,,,,,,,,,,,,,,,,
1,11,"Tony Chmelik",NON,Board of Education     ,,,,,,,,,,,,,1081,7644,,,,,,,,,12200,,,,,,,,,,,,,,,,,8812,,,,,,,,,,,,,,,,,,,,,,,,,,,,
1,11,"Colleen Cusimano",NON,Board of Education     ,,,,,,,,,,,,,1251,8894,,,,,,,,,13380,,,,,,,,,,,,,,,,,11341,,,,,,,,,,,,,,,,,,,,,,,,,,,,
1,11,"Kathryn B. Katie Groth",NON,Board of Education     ,,Y,,,,,,,,,,,1296,11588,,,,,,,,,17379,,,,,,,,,,,,,,,,,17347,,,,,,,,,,,,,,,,,,,,,,,,,,,,
1,11,"Joy Schaefer",NON,Board of Education     ,,Y,,,,,,,,,,,1220,10684,,,,,,,,,16345,,,,,,,,,,,,,,,,,15823,,,,,,,,,,,,,,,,,,,,,,,,,,,,
1,11,"Tom Shade",NON,Board of Education     ,,,,,,,,,,,,,486,3563,,,,,,,,,6012,,,,,,,,,,,,,,,,,4854,,,,,,,,,,,,,,,,,,,,,,,,,,,,
1,11,"Other Write-Ins",NON,Board of Education     ,,,Y,,,,,,,,,,18,118,,,,,,,,,187,,,,,,,,,,,,,,,,,224,,,,,,,,,,,,,,,,,,,,,,,,,,,,
1,14,"Bob Ballinger",NON,Board of Education     ,,,,,,,,,,,,,,,15339,4120,,,,,,,,,,,,,,,,,,,,,,,,,14612,,,,,2273,,,,,,,,,,,,,,,,,,,,,,
1,14,"Ann DeLacy",NON,Board of Education     ,,Y,,,,,,,,,,,,,17975,5289,,,,,,,,,,,,,,,,,,,,,,,,,11114,,,,,2675,,,,,,,,,,,,,,,,,,,,,,
1,14,"David Gertler",NON,Board of Education     ,,,,,,,,,,,,,,,14900,4413,,,,,,,,,,,,,,,,,,,,,,,,,12551,,,,,2106,,,,,,,,,,,,,,,,,,,,,,
1,14,"Ellen Flynn Giles",NON,Board of Education     ,,Y,,,,,,,,,,,,,16964,5176,,,,,,,,,,,,,,,,,,,,,,,,,12347,,,,,2066,,,,,,,,,,,,,,,,,,,,,,
1,14,"Jackie Scott",NON,Board of Education     ,,,,,,,,,,,,,,,14979,4654,,,,,,,,,,,,,,,,,,,,,,,,,9176,,,,,1846,,,,,,,,,,,,,,,,,,,,,,
1,14,"Janet Siddiqui",NON,Board of Education     ,,Y,,,,,,,,,,,,,22200,7123,,,,,,,,,,,,,,,,,,,,,,,,,17262,,,,,2794,,,,,,,,,,,,,,,,,,,,,,
1,14,"Other Write-Ins",NON,Board of Education     ,,,Y,,,,,,,,,,,,399,85,,,,,,,,,,,,,,,,,,,,,,,,,334,,,,,40,,,,,,,,,,,,,,,,,,,,,,
1,15,"Nivek Johnson",NON,Board of Education     ,,,,,,,,,,,,,,,,,,,,,,,,,,,,,,,,,,,,,,2034,,,,,,,,,,,,,,,,,,,,,,,,,,,,,,
1,15,"J. Brian Kirby",NON,Board of Education     ,,Y,,,,,,,,,,,,,,,,,,,,,,,,,,,,,,,,,,,,4145,,,,,,,,,,,,,,,,,,,,,,,,,,,,,,
1,15,"Bryan Williams",NON,Board of Education     ,,Y,,,,,,,,,,,,,,,,,,,,,,,,,,,,,,,,,,,,4269,,,,,,,,,,,,,,,,,,,,,,,,,,,,,,
1,15,"Other Write-Ins",NON,Board of Education     ,,,Y,,,,,,,,,,,,,,,,,,,,,,,,,,,,,,,,,,,51,,,,,,,,,,,,,,,,,,,,,,,,,,,,,,
1,22,"Donna L. Brightman",NON,Board of Education     ,,Y,,,,9621,,,,,,,,503,,,,,,,,,,,,,,,,,,6705,,,,,,,,,,,,,,,,,,,,,,,,,2874,,,,,,,,,,8847,
1,22,"Justin Hartings",NON,Board of Education     ,,Y,,,,8812,,,,,,,,383,,,,,,,,,,,,,,,,,,5615,,,,,,,,,,,,,,,,,,,,,,,,,2568,,,,,,,,,,7617,
1,22,"Travis W. Poole",NON,Board of Education     ,,,,,,7511,,,,,,,,299,,,,,,,,,,,,,,,,,,5306,,,,,,,,,,,,,,,,,,,,,,,,,2254,,,,,,,,,,6156,
1,22,"Wayne D. Ridenour",NON,Board of Education     ,,Y,,,,10214,,,,,,,,409,,,,,,,,,,,,,,,,,,6176,,,,,,,,,,,,,,,,,,,,,,,,,2903,,,,,,,,,,8667,
1,22,"Melissa Williams",NON,Board of Education     ,,Y,,,,9771,,,,,,,,371,,,,,,,,,,,,,,,,,,6456,,,,,,,,,,,,,,,,,,,,,,,,,3111,,,,,,,,,,8227,
1,22,"Other Write-Ins",NON,Board of Education     ,,,Y,,,174,,,,,,,,7,,,,,,,,,,,,,,,,,,100,,,,,,,,,,,,,,,,,,,,,,,,,50,,,,,,,,,,127,
1,12,"Gary L. Barlow",NON,Board of Ed at Large,,,,,,,,,,,,,,,,,,,,,,,,,,,,,,,,,,,,,,,,,,,,,,,,,,,,,,,,3320,,,,,,,,,,,,
1,12,"Cindy Downton",NON,Board of Ed at Large,,Y,,,,,,,,,,,,,,,,,,,,,,,,,,,,,,,,,,,,,,,,,,,,,,,,,,,,,,4117,,,,,,,,,,,,
1,12,"Darlena M. Grady",NON,Board of Ed at Large,,,,,,,,,,,,,,,,,,,,,,,,,,,,,,,,,,,,,,,,,,,,,,,,,,,,,,,,2902,,,,,,,,,,,,
1,12,"Charlotte Sebold",NON,Board of Ed at Large,,Y,,,,,,,,,,,,,,,,,,,,,,,,,,,,,,,,,,,,,,,,,,,,,,,,,,,,,,5584,,,,,,,,,,,,
1,12,"Other Write-Ins",NON,Board of Ed at Large,,,Y,,,,,,,,,,,,,,,,,,,,,,,,,,,,,,,,,,,,,,,,,,,,,,,,,,,,,65,,,,,,,,,,,,
1,16,"Phil Kauffman",NON,Board of Ed at Large,,Y,,,,,,,,20817,,,,,,,,,19983,,,,,,20842,15745,,,,,21358,,20350,,,,,,,,,,,23280,,,,,24752,,,,,,,,,,,,,,,,,,,
1,16,"Morris Panner",NON,Board of Ed at Large,,,,,,,,,,6974,,,,,,,,,8056,,,,,,7600,5268,,,,,10017,,7184,,,,,,,,,,,8029,,,,,9817,,,,,,,,,,,,,,,,,,,
1,16,"Other Write-Ins",NON,Board of Ed at Large,,,Y,,,,,,,148,,,,,,,,,148,,,,,,163,134,,,,,182,,136,,,,,,,,,,,154,,,,,197,,,,,,,,,,,,,,,,,,,
1,19,"Marilyn Crosby",NON,Board of Ed at Large,,Y,,,,,,,,,,,,,,,9663,,,,,,,,,,,,,,,,,,,,,,,,,8604,,,,,,1864,,,,,,,,,,,,,,,,,,,,
1,19,"James Tomasic",NON,Board of Ed at Large,,,,,,,,,,,,,,,,,5613,,,,,,,,,,,,,,,,,,,,,,,,,4494,,,,,,1160,,,,,,,,,,,,,,,,,,,,
1,19,"Other Write-Ins",NON,Board of Ed at Large,,,Y,,,,,,,,,,,,,,49,,,,,,,,,,,,,,,,,,,,,,,,,29,,,,,,9,,,,,,,,,,,,,,,,,,,,
1,06,"Louise M. Cheek",NON,Board of Education     ,001,Y,,,,,,793,,,,,,,,,,,,,,,,,,,,,,,,,,,,,,1187,,,,,,,,,,,,,,,,,,,,,,,,,,,,,,
1,06,"Marty J. Gangemi",NON,Board of Education     ,001,,,,,,,314,,,,,,,,,,,,,,,,,,,,,,,,,,,,,,582,,,,,,,,,,,,,,,,,,,,,,,,,,,,,,
1,06,"Other Write-Ins",NON,Board of Education     ,001,,Y,,,,,9,,,,,,,,,,,,,,,,,,,,,,,,,,,,,,17,,,,,,,,,,,,,,,,,,,,,,,,,,,,,,
1,17,"Zabrina Epps",NON,Board of Education     ,001,Y,,,,,,,,,,,,,,,,,,9815,,,,,,,2933,744,,,,,,,,,,,,,,,,,,,,,,,,,,,,,,,,,,,,,,,,
1,17,"David Murray",NON,Board of Education     ,001,,,,,,,,,,,,,,,,,,,9833,,,,,,,3415,517,,,,,,,,,,,,,,,,,,,,,,,,,,,,,,,,,,,,,,,,
1,17,"Other Write-Ins",NON,Board of Education     ,001,,Y,,,,,,,,,,,,,,,,,48,,,,,,,18,3,,,,,,,,,,,,,,,,,,,,,,,,,,,,,,,,,,,,,,,,
1,06,"Jack Cole",NON,Board of Education     ,002,,,,,,,236,,,,,,,,,,,,,,,,,,,,,,,,,,,,,,752,,,,,,,,,,,,,,,,,,,,,,,,,,,,,,
1,06,"C. Tolbert Rowe",NON,Board of Education     ,002,Y,,,,,,476,,,,,,,,,,,,,,,,,,,,,,,,,,,,,,1272,,,,,,,,,,,,,,,,,,,,,,,,,,,,,,
1,06,"Other Write-Ins",NON,Board of Education     ,002,,Y,,,,,3,,,,,,,,,,,,,,,,,,,,,,,,,,,,,,19,,,,,,,,,,,,,,,,,,,,,,,,,,,,,,
1,16,"Fred Evans",NON,Board of Education     ,002,,,,,,,,,14134,,,,,,,,,14137,,,,,,14466,10207,,,,,13835,,13912,,,,,,,,,,,16115,,,,,16889,,,,,,,,,,,,,,,,,,,
1,16,"Rebecca Smondrowski",NON,Board of Education     ,002,Y,,,,,,,,14103,,,,,,,,,13820,,,,,,14017,10846,,,,,16909,,14166,,,,,,,,,,,15386,,,,,18103,,,,,,,,,,,,,,,,,,,
1,16,"Other Write-Ins",NON,Board of Education     ,002,,Y,,,,,,,100,,,,,,,,,100,,,,,,118,97,,,,,137,,97,,,,,,,,,,,113,,,,,135,,,,,,,,,,,,,,,,,,,
1,21,"Juanita Sue Hopkins",NON,Board of Education     ,002,Y,,,,,,1361,,,,,,,,,,,,,,,,,,,,,,,,,,,,,,,,,,,,,,,,,,,,,,,,,,,,,,,,,,,,
1,21,"Other Write-Ins",NON,Board of Education     ,002,,Y,,,,,35,,,,,,,,,,,,,,,,,,,,,,,,,,,,,,,,,,,,,,,,,,,,,,,,,,,,,,,,,,,,
1,06,"George Abner",NON,Board of Education     ,003,,,,,,,1469,,,,,,,,,,,,,,,,,,,,,,,,,,,,,,,,,,,,,,,,,,,,,,,,,,,,,,,,,,,,
1,06,"Jim Newcomb, Jr.",NON,Board of Education     ,003,Y,,,,,,1809,,,,,,,,,,,,,,,,,,,,,,,,,,,,,,,,,,,,,,,,,,,,,,,,,,,,,,,,,,,,
1,06,"Other Write-Ins",NON,Board of Education     ,003,,Y,,,,,9,,,,,,,,,,,,,,,,,,,,,,,,,,,,,,,,,,,,,,,,,,,,,,,,,,,,,,,,,,,,
1,16,"Christopher Barclay",NON,Board of Education     ,004,Y,,,,,,,,15871,,,,,,,,,16263,,,,,,16168,12388,,,,,16820,,16112,,,,,,,,,,,18012,,,,,19118,,,,,,,,,,,,,,,,,,,
1,16,"Annita Seckinger",NON,Board of Education     ,004,,,,,,,,,10981,,,,,,,,,11006,,,,,,11450,8349,,,,,12708,,11110,,,,,,,,,,,12558,,,,,14368,,,,,,,,,,,,,,,,,,,
1,16,"Other Write-Ins",NON,Board of Education     ,004,,Y,,,,,,,108,,,,,,,,,96,,,,,,123,91,,,,,135,,101,,,,,,,,,,,112,,,,,136,,,,,,,,,,,,,,,,,,,
1,17,"Patricia Eubanks",NON,Board of Education     ,004,Y,,,4943,,,,,,,,,,,,,,,,,,,,,,2446,1628,,,,,,,,,,,,,,,,,,,,,,,,3782,,,,,,,,,,,,,,,,
1,17,"Micah Watson",NON,Board of Education     ,004,,,,5013,,,,,,,,,,,,,,,,,,,,,,2085,1624,,,,,,,,,,,,,,,,,,,,,,,,2308,,,,,,,,,,,,,,,,
1,17,"Other Write-Ins",NON,Board of Education     ,004,,Y,,18,,,,,,,,,,,,,,,,,,,,,,13,6,,,,,,,,,,,,,,,,,,,,,,,,5,,,,,,,,,,,,,,,,
1,17,"Raaheela Ahmed",NON,Board of Education     ,005,,,,,,,,,,,,,,,,,,,,,,,,,,7955,,,,,,,1309,,,,,,,,,,,,,,,,,,,,,,,,,,,,,,,6738,,,
1,17,"Jeana Jacobs",NON,Board of Education     ,005,Y,,,,,,,,,,,,,,,,,,,,,,,,,8350,,,,,,,1039,,,,,,,,,,,,,,,,,,,,,,,,,,,,,,,8446,,,
1,17,"Other Write-Ins",NON,Board of Education     ,005,,Y,,,,,,,,,,,,,,,,,,,,,,,,44,,,,,,,1,,,,,,,,,,,,,,,,,,,,,,,,,,,,,,,35,,,
1,21,"Jesse Gomez",NON,Board of Education     ,005,Y,,,,,,1592,,,,,,,,,,,,,,,,,,,,,,,,,,,,,,,,,,,,,,,,,,,,,,,,,,,,,,,,,,,,
1,21,"Other Write-Ins",NON,Board of Education     ,005,,Y,,,,,16,,,,,,,,,,,,,,,,,,,,,,,,,,,,,,,,,,,,,,,,,,,,,,,,,,,,,,,,,,,,
1,21,"Greg Criniti",NON,Board of Education     ,006,Y,,,,,,819,,,,,,,,,,,,,,,,,,,,,,,,,,,,,,,,,,,,,,,,,,,,,,,,,,,,,,,,,,,,
1,21,"Andrea Poe",NON,Board of Education     ,006,,,,,,,629,,,,,,,,,,,,,,,,,,,,,,,,,,,,,,,,,,,,,,,,,,,,,,,,,,,,,,,,,,,,
1,21,"Other Write-Ins",NON,Board of Education     ,006,,Y,,,,,6,,,,,,,,,,,,,,,,,,,,,,,,,,,,,,,,,,,,,,,,,,,,,,,,,,,,,,,,,,,,
1,17,"Henry P. Armwood, Jr.",NON,Board of Education     ,007,,,1001,,,,,,,,,,,,,,,,,,,,,,,,,,,,,,7112,,,,,,,,,,,,,,,,,,2740,,,,,,,,,,,,,,,,
1,17,"Carletta Fellows",NON,Board of Education     ,007,Y,,1473,,,,,,,,,,,,,,,,,,,,,,,,,,,,,,9828,,,,,,,,,,,,,,,,,,4658,,,,,,,,,,,,,,,,
1,17,"Other Write-Ins",NON,Board of Education     ,007,,Y,6,,,,,,,,,,,,,,,,,,,,,,,,,,,,,,26,,,,,,,,,,,,,,,,,,10,,,,,,,,,,,,,,,,
1,17,"Edward Burroughs, III",NON,Board of Education     ,008,Y,,24399,,,,,,,,,,,,,,,,,,,,,,,,,,,,,,,,,,,,,,,,,,,,,,,,,,,,,,,,,,,,,,,,
1,17,"André Nottingham",NON,Board of Education     ,008,,,6539,,,,,,,,,,,,,,,,,,,,,,,,,,,,,,,,,,,,,,,,,,,,,,,,,,,,,,,,,,,,,,,,
1,17,"Other Write-Ins",NON,Board of Education     ,008,,Y,83,,,,,,,,,,,,,,,,,,,,,,,,,,,,,,,,,,,,,,,,,,,,,,,,,,,,,,,,,,,,,,,,
1,05,"Joe R. Chenelly",NON,Board of Education     ,001,Y,,,,,,,,,,,,,,,,,,,,,,,,,,,,,,,,,,,,,,,,,,,,,7666,5794,,,,,,,,,,,,2489,,,,,,,,
1,05,"Cliff Savoy",NON,Board of Education     ,001,,,,,,,,,,,,,,,,,,,,,,,,,,,,,,,,,,,,,,,,,,,,,,6232,4695,,,,,,,,,,,,1621,,,,,,,,
1,05,"Other Write-Ins",NON,Board of Education     ,001,,Y,,,,,,,,,,,,,,,,,,,,,,,,,,,,,,,,,,,,,,,,,,,,38,23,,,,,,,,,,,,8,,,,,,,,
1,05,"Tracy H. McGuire",NON,Board of Education     ,002,Y,,,,,,,,,,,,,,,,,,,,,,,,,,,,,,,,,,,,,,,,,,,,,12995,9575,,,,,,,,,,,,3917,,,,,,,,
1,05,"Jason Phillip Delizio",NON,Board of Education     ,002,,Y,,,,,,,,,,,,,,,,,,,,,,,,,,,,,,,,,,,,,,,,,,,,36,24,,,,,,,,,,,,4,,,,,,,,
1,05,"Other Write-Ins",NON,Board of Education     ,002,,Y,,,,,,,,,,,,,,,,,,,,,,,,,,,,,,,,,,,,,,,,,,,,64,36,,,,,,,,,,,,14,,,,,,,,
1,19,"Cathy Allen",NON,Board of Education     ,002,Y,,,,,,,,,,,,,,,10339,,,,,,,,,,,,,,,,,,,,,,,,,9149,,,,,,1951,,,,,,,,,,,,,,,,,,,,
1,19,"Jim Davis",NON,Board of Education     ,002,,,,,,,,,,,,,,,,4725,,,,,,,,,,,,,,,,,,,,,,,,,4069,,,,,,1024,,,,,,,,,,,,,,,,,,,,
1,19,"Other Write-Ins",NON,Board of Education     ,002,,Y,,,,,,,,,,,,,,43,,,,,,,,,,,,,,,,,,,,,,,,,20,,,,,,6,,,,,,,,,,,,,,,,,,,,
1,05,"Rose Crunkleton",NON,Board of Education     ,003,,,,,,,,,,,,,,,,,,,,,,,,,,,,,,,,,,,,,,,,,,,,,,6724,4581,,,,,,,,,,,,2510,,,,,,,,
1,05,"Kelly McConkey",NON,Board of Education     ,003,Y,,,,,,,,,,,,,,,,,,,,,,,,,,,,,,,,,,,,,,,,,,,,,8082,5890,,,,,,,,,,,,2228,,,,,,,,
1,05,"Other Write-Ins",NON,Board of Education     ,003,,Y,,,,,,,,,,,,,,,,,,,,,,,,,,,,,,,,,,,,,,,,,,,,37,27,,,,,,,,,,,,4,,,,,,,,
1,18,"Beverly G. Kelley",NON,Board of Education     ,003,Y,,,,,,,,,,,,,,,,,,,,,,,,,,,,,,,,,,,,14516,,,,,,,,,,,,,,,,,,,,,,,,,,,,,,
1,18,"Other Write-Ins",NON,Board of Education     ,003,,Y,,,,,,,,,,,,,,,,,,,,,,,,,,,,,,,,,,,123,,,,,,,,,,,,,,,,,,,,,,,,,,,,,,
1,18,"Tammy Harper",NON,Board of Education     ,004,Y,,,,,,,,,,,,,,,,,,,,,,,,,,,,,,,,,,,,14665,,,,,,,,,,,,,,,,,,,,,,,,,,,,,,
1,18,"Other Write-Ins",NON,Board of Education     ,004,,Y,,,,,,,,,,,,,,,,,,,,,,,,,,,,,,,,,,,104,,,,,,,,,,,,,,,,,,,,,,,,,,,,,,
1,19,"Joel Rose",NON,Board of Education     ,004,,,,,,,,,,,,,,,,4094,,,,,,,,,,,,,,,,,,,,,,,,,4024,,,,,,927,,,,,,,,,,,,,,,,,,,,
1,19,"Mary M. Washington",NON,Board of Education     ,004,Y,,,,,,,,,,,,,,,11515,,,,,,,,,,,,,,,,,,,,,,,,,9504,,,,,,2154,,,,,,,,,,,,,,,,,,,,
1,19,"Other Write-Ins",NON,Board of Education     ,004,,Y,,,,,,,,,,,,,,35,,,,,,,,,,,,,,,,,,,,,,,,,18,,,,,,7,,,,,,,,,,,,,,,,,,,,
1,08,"William Clark Manlove",NON,Board of Education,001,Y,,,,,,,,,439,,,,,,,,,,,13746,,,,,,,,,,,,,,,,13314,,,,,,,,,,,,,,,,,,,,,,,,,,,,,,
1,08,"Other Write-Ins",NON,Board of Education,001,,Y,,,,,,,,2,,,,,,,,,,,89,,,,,,,,,,,,,,,,90,,,,,,,,,,,,,,,,,,,,,,,,,,,,,,
1,10,"Glenn Levi Bramble",NON,Board of Education,001,Y,,,,,,1792,,,,,,,,,,,,,,,,,,,,,,,,,,,,,,,,,,,,,,,,,,,,,,,166,,,,,,,,,,,,,
1,10,"Other Write-Ins",NON,Board of Education,001,,Y,,,,,42,,,,,,,,,,,,,,,,,,,,,,,,,,,,,,,,,,,,,,,,,,,,,,,5,,,,,,,,,,,,,
1,08,"Lauren Connon Camphausen",NON,Board of Education,002,Y,,,,,,,,,407,,,,,,,,,,,12770,,,,,,,,,,,,,,,,12254,,,,,,,,,,,,,,,,,,,,,,,,,,,,,,
1,08,"Other Write-Ins",NON,Board of Education,002,,Y,,,,,,,,1,,,,,,,,,,,47,,,,,,,,,,,,,,,,48,,,,,,,,,,,,,,,,,,,,,,,,,,,,,,
1,10,"Anne Pattison Fleming",NON,Board of Education,003,,,,,,,903,,,,,,,,,,,,,,,,,,,,,,,,,,,,,,,,,,,,,,,,,,,,,,,39,,,,,,,,,,,,,
1,10,"Philip Rice",NON,Board of Education,003,Y,,,,,,961,,,,,,,,,,,,,,,,,,,,,,,,,,,,,,,,,,,,,,,,,,,,,,,20,,,,,,,,,,,,,
1,10,"Other Write-Ins",NON,Board of Education,003,,Y,,,,,7,,,,,,,,,,,,,,,,,,,,,,,,,,,,,,,,,,,,,,,,,,,,,,,0,,,,,,,,,,,,,
1,10,"Phil Bramble",NON,Board of Education,005,Y,,,,,,985,,,,,,,,,,,,,,,,,,,,,,,,,,,,,,,,,,,,,,,,,,,,,,,53,,,,,,,,,,,,,
1,10,"Thomas M. Gebert",NON,Board of Education,005,,,,,,,881,,,,,,,,,,,,,,,,,,,,,,,,,,,,,,,,,,,,,,,,,,,,,,,138,,,,,,,,,,,,,
1,10,"Other Write-Ins",NON,Board of Education,005,,Y,,,,,3,,,,,,,,,,,,,,,,,,,,,,,,,,,,,,,,,,,,,,,,,,,,,,,0,,,,,,,,,,,,,
1,20,"Warner Sumpter",NON,Board of Education     ,002,Y,,,,,,,,,,,,,,,,,,,,,,,,,,,,,,,,,,,,,,,,,,,,,,,,,,,,,,,,,,,,,,,,1010,,
1,20,"Other Write-Ins",NON,Board of Education     ,002,,Y,,,,,,,,,,,,,,,,,,,,,,,,,,,,,,,,,,,,,,,,,,,,,,,,,,,,,,,,,,,,,,,13,,
1,24,"Barry Q. Brittingham, Sr.",NON,Board of Education     ,002,Y,,,,,,,,,,,,,,,,,,,,,,1779,,,,,,,,,,,,,,,,,,,,,,,,,,,,,,,,,,,,,,,,,,,,
1,24,"Derrick A. Smith",NON,Board of Education     ,002,,,,,,,,,,,,,,,,,,,,,,,310,,,,,,,,,,,,,,,,,,,,,,,,,,,,,,,,,,,,,,,,,,,,
1,24,"Other Write-Ins",NON,Board of Education     ,002,,Y,,,,,,,,,,,,,,,,,,,,,4,,,,,,,,,,,,,,,,,,,,,,,,,,,,,,,,,,,,,,,,,,,,
1,24,"Sara D. Thompson",NON,Board of Education     ,003,Y,,,,,,,,,,,,,,,,,,,,,,3255,,,,,,,,,,,,,,,,,,,,,,,,,,,,,,,,,,,,,,,,,,,,
1,24,"Other Write-Ins",NON,Board of Education     ,003,,Y,,,,,,,,,,,,,,,,,,,,,27,,,,,,,,,,,,,,,,,,,,,,,,,,,,,,,,,,,,,,,,,,,,
1,20,"Dan Kuebler",NON,Board of Education     ,004,Y,,,,,,,,,,,,,,,,,,,,,,,,,,,,,,,,,,,,,,,,,,,,,,,,,,,,,,,,,,,,,,,,1240,,
1,20,"H. DeWayne Whittington",NON,Board of Education     ,004,,,,,,,,,,,,,,,,,,,,,,,,,,,,,,,,,,,,,,,,,,,,,,,,,,,,,,,,,,,,,,,,,571,,
1,20,"Other Write-Ins",NON,Board of Education     ,004,,Y,,,,,,,,,,,,,,,,,,,,,,,,,,,,,,,,,,,,,,,,,,,,,,,,,,,,,,,,,,,,,,,4,,
1,24,"Jonathan C. Cook",NON,Board of Education     ,005,Y,,,,,,,,,,,,,,,,,,,,,,2781,,,,,,,,,,,,,,,,,,,,,,,,,,,,,,,,,,,,,,,,,,,,
1,24,"Other Write-Ins",NON,Board of Education     ,005,,Y,,,,,,,,,,,,,,,,,,,,,11,,,,,,,,,,,,,,,,,,,,,,,,,,,,,,,,,,,,,,,,,,,,
1,01,"David Caporale",NON,Cumberland Council,CU,Y,,,,,,,,,,,,,,,,,,,,,,,,,,,,,,,,,,,,,,,,,,,,,,,,676,,,,,,,4139,,,,,,,,,,,
1,01,"John Cline",NON,Cumberland Council,CU,,,,,,,,,,,,,,,,,,,,,,,,,,,,,,,,,,,,,,,,,,,,,,,,,189,,,,,,,1183,,,,,,,,,,,
1,01,"Nicole Wagoner",NON,Cumberland Council,CU,Y,,,,,,,,,,,,,,,,,,,,,,,,,,,,,,,,,,,,,,,,,,,,,,,,541,,,,,,,3321,,,,,,,,,,,
1,02,"Patricia Ray Nalley",NON,Board of Ed At Large,,Y,,,,,,,,,,,,,,,,,,5824,,,,,,,,,28767,,,,,,30276,,,,,,,,,,,,,,,,,,,,,,,,,,30698,23985,11500,,,,,
2,02,"Patricia Ray Nalley",NON,Board of Ed At Large,,Y,,,,,,,,,,,,,,,,,,972,,,,,,,,,8803,,,,,,7333,,,,,,,,,,,,,,,,,,,,,,,,,,7510,6306,2891,,,,,
1,02,"Stacy L. Korbelak",NON,Board of Education,21,Y,,,,,,,,,,,,,,,,,,5786,,,,,,,,,28416,,,,,,29950,,,,,,,,,,,,,,,,,,,,,,,,,,30162,23723,11167,,,,,
2,02,"Stacy L. Korbelak",NON,Board of Education,21,Y,,,,,,,,,,,,,,,,,,974,,,,,,,,,8733,,,,,,7352,,,,,,,,,,,,,,,,,,,,,,,,,,7436,6251,2877,,,,,
1,02,"Amalie Elizabeth Brandenburg",NON,Board of Education,33,Y,,,,,,,,,,,,,,,,,,5726,,,,,,,,,28265,,,,,,29792,,,,,,,,,,,,,,,,,,,,,,,,,,30073,23659,11138,,,,,
2,02,"Amalie Elizabeth Brandenburg",NON,Board of Education,33,Y,,,,,,,,,,,,,,,,,,962,,,,,,,,,8629,,,,,,7223,,,,,,,,,,,,,,,,,,,,,,,,,,7346,6134,2850,,,,,
1,22,"David S. Gysberts",DEM,Mayor of Hagerstown,HG,Y,,,,79,,,,,,,,,,,,,,,,,,,,,,,,,,5783,,,,,,,,,,,,,,,,,,,,,,,,,,,,,,,,,,,196,
1,22,"Bob Bruchey",REP,Mayor of Hagerstown,HG,,,,,62,,,,,,,,,,,,,,,,,,,,,,,,,,4273,,,,,,,,,,,,,,,,,,,,,,,,,,,,,,,,,,,131,
1,22,"Other Write-Ins",BOT,Mayor of Hagerstown,HG,,Y,,,0,,,,,,,,,,,,,,,,,,,,,,,,,,25,,,,,,,,,,,,,,,,,,,,,,,,,,,,,,,,,,,0,
1,22,"Kristin B. Aleshire",DEM,Hagerstown Council,HG,Y,,,,81,,,,,,,,,,,,,,,,,,,,,,,,,,6482,,,,,,,,,,,,,,,,,,,,,,,,,,,,,,,,,,,206,
1,22,"William Breichner",DEM,Hagerstown Council,HG,,,,,36,,,,,,,,,,,,,,,,,,,,,,,,,,4043,,,,,,,,,,,,,,,,,,,,,,,,,,,,,,,,,,,144,
1,22,"Martin Brubaker",DEM,Hagerstown Council,HG,Y,,,,54,,,,,,,,,,,,,,,,,,,,,,,,,,4221,,,,,,,,,,,,,,,,,,,,,,,,,,,,,,,,,,,152,
1,22,"Lewis C. Metzner",DEM,Hagerstown Council,HG,Y,,,,45,,,,,,,,,,,,,,,,,,,,,,,,,,4858,,,,,,,,,,,,,,,,,,,,,,,,,,,,,,,,,,,161,
1,22,"Penny Nigh",DEM,Hagerstown Council,HG,Y,,,,61,,,,,,,,,,,,,,,,,,,,,,,,,,5298,,,,,,,,,,,,,,,,,,,,,,,,,,,,,,,,,,,167,
1,22,"Larry Bayer",REP,Hagerstown Council,HG,,,,,46,,,,,,,,,,,,,,,,,,,,,,,,,,2366,,,,,,,,,,,,,,,,,,,,,,,,,,,,,,,,,,,78,
1,22,"Jonathan R. Burrs",REP,Hagerstown Council,HG,,,,,50,,,,,,,,,,,,,,,,,,,,,,,,,,2721,,,,,,,,,,,,,,,,,,,,,,,,,,,,,,,,,,,73,
1,22,"Jeffrey M. Coney",REP,Hagerstown Council,HG,,,,,45,,,,,,,,,,,,,,,,,,,,,,,,,,2227,,,,,,,,,,,,,,,,,,,,,,,,,,,,,,,,,,,69,
1,22,"Chris Kelly",REP,Hagerstown Council,HG,,,,,53,,,,,,,,,,,,,,,,,,,,,,,,,,2635,,,,,,,,,,,,,,,,,,,,,,,,,,,,,,,,,,,81,
1,22,"Don Munson",REP,Hagerstown Council,HG,Y,,,,68,,,,,,,,,,,,,,,,,,,,,,,,,,5061,,,,,,,,,,,,,,,,,,,,,,,,,,,,,,,,,,,138,
1,22,"Ashley C. Haywood",UNF,Hagerstown Council,HG,,,,,37,,,,,,,,,,,,,,,,,,,,,,,,,,2528,,,,,,,,,,,,,,,,,,,,,,,,,,,,,,,,,,,65,
1,22,"Other Write-Ins",BOT,Hagerstown Council,HG,,Y,,,0,,,,,,,,,,,,,,,,,,,,,,,,,,38,,,,,,,,,,,,,,,,,,,,,,,,,,,,,,,,,,,0,
